Institution ID,Institution Name,City,State/Province,Country
1,Sichuan Normal University Chengdu College,Chengdu,Sichuan,China
2,Soochow universuty,Suzhou,,China
3,Capital University of Economics and Business,Beijing,,China
4,Zhejiang University of Finance and Economics,Hangzhou,Zhejiang,China
5,Nanjing University of Information Science & Technology,NanjingJiangsu Province,,China
6,TianJin University,TianJin China,TianJin,China
7,Shandong University Of Science And Technology,Qingdao,Shandong,China
8,Zhejiang University,Hangzhou Zhejiang Province,,China
9,Zhengzhou University,Zhengzhou,Henan,China
10,Southeastern Oklahoma State University,Durant,OK,USA
11,Beijing University of Technology,Beijing,,China
12,undergraduate,hangzhou,zhejiang,China
13,University of Richmond,RIchmond,VA,USA
14,University of Wisconsin-Stevens Point,Stevens Point,WI,USA
15,Beijing University of Aeronautics and Astronautics,Beijing,,China
16,Shaanxi University of Technology,HanZhong,Shaanxi,China
17,Dongguan University of Technology,Dongguan,Guangdong,China
18,Trinity,San Antonio,TX,USA
19,Huaihai Institute of Technology,Lianyungang,Jiangsu,China
20,Institute of Digital media technology; Northeastern University,Shenyang,Liaoning,China
21,East China University of Science and Technology,Shanghai,,China
22,.Renmin University of China,Beijing,Beijing,China
23,Xiamen University,Xiamen,Fujian Province,China
24,Missouri Southern State University,Joplin,MO,USA
25,Ningbo University,Ningbo,Zhejiang,China
26,University of Macau,Macau,Macau,China
27,ShanDong University,Jinan,Shandong Province,China
28,Tongji University,Shanghai,Shanghai,China
29,Central University of Finance and Ecomomics,Beijing,Beijing,China
30,Zhengzhou University of Light Industry,Zhengzhou City,Henan province,China
31,Beijing Institute of Technology,BeiJing,BeiJing,China
32,China University of Petroleum,Qingdao,Shandong,China
33,Shenyang Jianzhu University,shenyang,Liaoning,China
34,South China Normal University,Guangzhou,Tianhe,China
35,East China Normal University(China),ShanghaiChina,Shanghai,China
36,Wuhan University,Wuhan,Hubei,China
37,Shijiazhuang University,Shijiazhuang,Hebei,China
38,WUHAN TEXTILE UNIVERSITY,WUHAN,HUBEI,China
39,Naval Aeronautical Engineering Institute Qingdao Campus,Qingdao,Shandong,China
40,Nankai university China,Tianjing,Tianjing,China
41,Wuhan Univ,Wuhan,Hubei,China
42,Information Engineering University,Zhengzhou,Henan,China
43,Shijiazhuang University,Shijiazhuang,Hebei Province,China
44,Jilin University,Changchun,Jinlin,China
45,The University of Texas at Dallas,Richardson,TX,USA
46,Beihang Univeristy,Haidian,Beijing,China
47,NORTH CHINA INSTITUTE OF SCIENCE AND TECHNOLOGY,BEIJING,BEIJING,China
48,Officers College Of CAPF,ChengDu,SiChuan,China
49,Binjiang College of Nanjing University of Information Science & Tecnology,Nanjing,Jiangsu,China
50,Huazhong Agricultural University Chutian College,Wuhan,Hubei,China
51,Nanjing University,Nanjing,JiangSu,China
52,Smith College,Northampton,MA,USA
53,Zhejiang University,hangzhou,zhejiang,China
54,College of Sciences,Shenyang,Liaoning,China
55,Software Engineering,ShangHai,,China
56,Central Washington University,Ellensburg,WA,USA
57,China University of Geosciences Beijing,Beijing,Haidian District,China
58,Shanghai University of Finance and Economy,Shanghai,Shanghai,China
59,South China Normal University,GuangZhou,,China
60,WUHAN UNIVERSITY,WUHAN,HuBei Province,China
61,NORTH CHINA ELECTRIC POWER UNIVERSITY,BEIJING,BEIJING,China
62,Heilongjiang Institute of Technology,HarbinHeilongjiang ProvinceChina,Heilongjiang,China
63,College of Electronic Information and Optical Engineering Nankai University,Tianjin,,China
64,The Pennsylvania State University,University Park,PA,USA
65,Shanxi Medical University,Taiyuan,Shanxi,China
66,Nanjing University of Information Science & Technology,Nanjing,Jiangsu,China
67,Guangdong University Of foreign Studies,Guangzhou,Guangdong,China
68,Undergraduate course,Xi'an,Shan Xi,China
69,Beijing Information Science & Technology University,Beijing,Haidian,China
70,BeiJing University Of Post And Telecommunication,Beijing,,China
71,ShanDong University of Science and Technology4 years,Qingdao,Shandong,China
72,University of Cambridge,Cambriddge,,United Kingdom
73,NanChang Aeronautical University,NanChang,JiangXi,China
74,School of Mathematical Sciences Beijing Normal University,Beijing,Beijing,China
75,Zhejiang Sci-Tech University,Hangzhou,Zhejiang Province,China
76,Hefei Normal University,Hefei,Anhui,China
77,QuFu Normal University,Ji ning,Shan Dong,China
78,UNIVERSITY OF SCIENCE AND TECHNOLOGY OF CHINA,HeFei,,China
79,Shandong University of Finance and Economics,Jinan,Shandong Province,China
80,Zhejiang University,Hang Zhou,Zhe Jiang,China
81,Beihang Univeristy,Beijing,Beijng,China
82,Xi'an University of Technology,Xi'an,Shaanxi province,China
83,Beijing University of Post and Telecommunication,Beijing,Beijing,China
84,PLA University of Science and Technology,Nanjing,Jiangsu,China
85,Shandong Experimental High School,Jinan,Shandong,China
86,Randolph College,Lynchburg,VA,USA
87,USTC,Hefei,Anhui,China
88,South China Normal University,guangzhou,Guangdong,China
89,Illinois Institute of Technology,CHICAGO,IL,USA
90,Southwest jiaotong university,Chengdu,Sichuan,China
91,Tianjin Polytechnic University,Tianjin,Tianjin,China
92,UCSB,Santa Barbara,CA,USA
93,Yantai University,Yantai,Shandong,China
94,University of Ontario Institute of Technology,Oshawa,Ontario,Canada
95,the Capital Normal University,Beijing,Asia,China
96,UniversitÃ© de Technologie de CompiÃ¨gne,COMPIEGNE,,France
97,Wuhan Universty,Wuhan,Hubei,China
98,CentralÂ ChinaÂ NormalÂ University,Wuhan,Hubei,China
99,Beihang Univeristy,beijing,beijing,China
100,University of Minnesota Twin Cities,Minneapolis,MN,USA
101,Shanghai Jiao Tong University,Shang hai,Shang hai,China
102,Business College of Shanxi University,Taiyuan,Shanxi,China
103,South China Normal University,Guangzhou,Guangdong,China
104,Hainan University,Danzhou,Hainan,China
105,North China Electric Power University,Beijing,BEIJING,China
106,China University of Petroleum,Beijing,Beijing,China
107,He'nan Normal University,xinxiang,Henan,China
108,Southwest Jiaotong University Hope College Â ,Chengdu,Sichuan,China
109,BeiJing University Of Post And Telecommunication,Beijing,Haidian,China
110,Renmin University of China,Beijing,China,China
111,Peking University,Beijing,China,China
112,Ningxia University,Yinchuan,the Ningxia Hui Autonomous Region,China
113,Nanjing University,Nanjing,Jiangsu Province,China
114,Wuhan University,wuhan,Hubei,China
115,Shanghai University of Finance and Economics,SHANGHAI,,China
116,The University of Dallas,Irving,TX,USA
117,Lanzhou University,Lanzhou,Gansu,China
118,School of Mathematical Sciences Xiamen University,Xiamen,Fujian,China
119,SICHUAN UNIVERSITY,Sichuan,,China
120,University of Science and Technology Beijing,Beijing,,China
121,Shandong University of Science and Technology,Tai'an City,Shandong Province,China
122,University of Manchester,Manchester,Manchester,United Kingdom
123,Zhejiang University,HangZhou,,China
124,University of Michigan,Ann Arbor,MI,USA
125,Donghua University,Shanghai,,China
126,Institute of Metallurgical Resource and Environmental Engineering ; Northeastern University,Shenyang,Liaoning,China
127,Inner Mongolia Agricultural University,Hohhot,,China
128,GuangDong Ocean University,Zhan Jiang,Guangdong,China
129,ISS of Wuhan University,Wuhan,Hubei Province,China
130,South China Normal University,Guangzhou,Â Guangdong Province,China
131,Cornell College,Mount Vernon,IA,USA
132,China University of Mining and Technology-Beijing,Beijing,,China
133,North China Electric Power University Science & Technology College,Baoding,Hebei,China
134,Harbin University of Science and Technology Rongcheng,Rongcheng,Shandong,China
135,Renmin University of China,BEIJING,BEIJING,China
136,Beihang Univeristy,Beiing,,China
137,Loyola University Maryland,Baltimore,MD,USA
138,Southwestern University of Finance and Economics,Chengdu,Sichuan,China
139,GUANGDONG PHARMACEUTICAL UNIVERSITY,Zhongshan,Guangdong,China
140,Beijing Institute of Technology Zhuhai,Zhuhai,,China
141,Nanchang University,Nanchang,Jiangxi,China
142,Universitat AutÃ²noma de Barcelona,Bellaterra,,Spain
143,Qinghai University,Xining,Qingha,China
144,College of Wooster,Wooster,OH,USA
145,Shanghai Jiaotong University,Shanghai,,China
146,Northwest University,Xi'an,Shaanxi Province,China
147,School of Mathematics,BeiJing,,China
148,Metropolitan State University of Denver,Denver,CO,USA
149,Jinshan College of Fujian Agriculture and Forestry University,Fuzhou,Fujian,China
150,Shandong Univercity,Jinan,Shandong Province,China
151,University of Minnesota Duluth,Duluth,MN,USA
152,Key Laboratory of Medical Image Computing; Northeastern University,Shenyang,Liaoning,China
153,Jinjiang College of Sichuan University,meishan,Sichuan,China
154,Shanghai University of Finance and Ecomonics,Shanghai,,China
155,Henan Normal University,XinXiang,china,China
156,University of International Business&Economics,Beijing,Beijing,China
157,Shenzhen University,Shenzhen,Select One,China
158,Nankai University,Tianjin,,China
159,Tianjin University of Commerce,Tianjin,,China
160,Qufu Normal University,Qufu,Shandong,China
161,Nankai University,Tianjin City,Tianjin,China
162,Wuhan University,Wuchang Wuhan,Hubei Province,China
163,zhongnan University of Economics and Law,WuHan,Hubei,China
164,University of San Diego,San Diego,CA,USA
165,College of Information Science & Engineering; Northeastern University,Shenyang,Liaoning,China
166,People's Public Security University of China,Beijing,Beijing,China
167,East china normal University,Shanghai,,China
168,Hunan University of HumanitiesScience and Technology,Loudi,Hunan,China
169,Nankai University,Tianjin,Tianjin,China
170,Clarkson University,Potsdam,NY,USA
171,Heilongjiang College of Construction,Harbin,Heilongjiang,China
172,Universidad Autonoma de Yucatan,Merida,Yucatan,mexico
173,Shippensburg University,Shippensburg,PA,USA
174,University of Shanghai for Science and Technology,Shanghai,,China
175,College of Software; Northeastern University,Shenyang,Liaoning,China
176,School of Mechanical Engineering and Automation Northeastern University,Shenyang,Liaoning,China
177,Shanghai Experimental School,Shanghai,Shanghai,China
178,Shanghai Jiao Tong University,Shang Hai,Shang Hai,China
179,University of International Business and Economics,Beijing,China,China
180,HuaQiao University,Quan Zhou,Fu Jian,China
181,Electrical engineering,HangZhou,,China
182,SouthWestern University of Finance and Economics,Chengdu,SiChuan,China
183,National University of Defense Technology,Changsha,Hunan,China
184,Ningbo Institute of Technology Zhejiang University,Ningbo,Zhejiang,China
185,University of Maryland,College Park,MD,USA
186,Shandong Institute of Business and Technology,Yantai,Shandong,China
187,Research Institution for computational science and Engineering,Hangzhou,,China
188,Communication University of ChinaÂ ,Beijing,Beijing,China
189,University of Minnesota - Twin Cities,Minneapolis,MN,USA
190,The Hong Kong Polytechnic University,Kowloon,Hong Kong,China
191,Beijing Institute of Technology Zhuhai,Zhuhai,Guangdong,China
192,Virtual reality and simulation;Northeastern University,Shenyang,Liaoning,China
193,Guangdong University of Finance and Economics,Guangzhou,Guangdong,China
194,WuYi University,Wuyishan,Fujian,China
195,Harbin Institute of Technology,HARBIN,HEILONGJIANG,China
196,the University of International Business and Economics,Beijing,Beijing,China
197,City College Wuhan University of Science and Technology,Wuhan,Hubei,China
198,South China Normal University,Shenzhen,Guangdong,China
199,Yunnan Minzu University,Kunming,Yunnan,China
200,South China Normal University,Guangzhou City,Guangdong,China
201,Shanghai Maritime University,Shanghai,,China
202,Huazhong University of Science and Technology,Wuhan,Hubei,China
203,Sino-Dutch Biomedical and Information Engineering School; Northeastern University,Shenyang,Liaoning,China
204,NANJING UNIVERSITY,Nanjing,Jiangsu,China
205,Virginia Tech,Blacksburg,VA,USA
206,TianJin University,Tianjin,Tianjin,China
207,Shenyang jianzhu University,Shenyang,Liaoning,China
208,Qinghai University,Xining,Qinghai,China
209,Wentworth Institute of Technology,Boston,MA,USA
210,Nanjing Normal University Taizhou College,Taizhou,,China
211,Harvey Mudd College,Claremont,CA,USA
212,Xi'an University Of Architecture and Technology,Xi'an,Shanxi,China
213,Northeastern University at Qinhuangdao,Qinhuangdao,Hebei,China
214,Henan normal university,Henan,XinXiang,China
215,Shenzhen University,Shenzhen,GuangDong,China
216,NKU School of Mathematical Science,Tianjin,Tianjin,China
217,Southern Connecticut State University,New Haven,CT,USA
218,Telkom University,Bandung,Indonesia,Indonesia
219,China university of Geosciences,Beijing,Beijing,China
220,University of Illinois,Urbana,IL,USA
221,North University of China,Taiyuan,Shanxi,China
222,Hainan University,haikou,hainan,China
223,Franklin & Marshall College,Lancaster,PA,USA
224,Beihang Univeristy,Beijng,,China
225,QuFu Normal University,Qufu,Shandong,China
226,Ramapo College of New Jersey,Mahwah,NJ,USA
227,Southwest jiaotong University,Chengdu,Sichuan,China
228,Century College of Beijing University of Posts and Telecommunications,Beijing,Beijing,China
229,University of Colorado Boulder,Boulder,CO,USA
230,Sichuan university,Chengdu,Sichuan,China
231,Chongqing University,Chongqing,,China
232,Beijing National Day School,Beijing,,China
233,UIBE,Beijing,Beijing,China
234,BeiJing University Of Post And Telecommunication,beijing,beijing,China
235,South-Central University for Nationalities,Wu han,Hu bei,China
236,SouthEast University,Nanjing,Jiangsu,China
237,University of Science & Technology Beijing,Beijing,,China
238,Huazhong University of Science & Technology,Wuhan,Hubei,China
239,Nantong University,NanTong,JiangSu,China
240,Huzhou University,Huzhou,Zhejiang,China
241,China Welfare Institute,Shanghai,Shanghai,China
242,Southwestern University of Finance and economics,Chengdu,Sichuan,China
243,Chengdu University of Technology,Chengdu,Sichuan,China
244,Shandong University of Fianace and Economics,Jinan,Shandong,China
245,Inner Mongolia University For The Nationalities,Tongliao,the Inner Mongolia Autonomous Region,China
246,Xiâ€™an University of Architecture and Technology,Xiâ€™an,Shaanxi Province,China
247,University of Kentucky,Lexington,KY,USA
248,Zhejiang university,HangZhou,ZheJiang province,China
249,Indiana University of Pennsylvania,Indiana,PA,USA
250,Qingdao Agricultural University,Qingdao,Shandong,China
251,Guangdong University of Foreign Studies,guangzhou,guangzhou,China
252,Quanzhou Normal University,quanzhou,fujian,China
253,Southwestern University of Finance and Economics University,Chengdu,Sichuan,China
254,Shanghai University of Finance & Economics (P R CHINA),Shanghai,,China
255,Zhejiang Gongshang University,Hangzhou,Zhejiang,China
256,University at Buffalo (SUNY),Buffalo,NY,USA
257,Henan Normal University,Xinxiang,HeNan,China
258,SOUTHWEST JIAOTONG UNIVERSITY,Chengdu,SiChuan,China
259,Nankai university,Tianjin,Tianjin,China
260,Guangdong University of Foreign Studies,Guangzhou,,China
261,SKH Bishop Mok Sau Tseng Secondary School,Hongkong,Hongkong,China
262,Southwestern University of Finance and Economics,CHENGDU,,China
263,Dalian Nationalities University,Dalian,LIAONING,China
264,Wuhan University,WuHan,Hubei,China
265,Ludong University,Yantai,Shandong,China
266,Inner Mongolia University of Technology,Hohhot,,China
267,SHANGHAI JIAO TONG UNIVERSITY,Shanghai,SHANGHAI,China
268,Hebei United University,Tangshan,Hebei,China
269,Nanjing Tech Uinversity,Nanjing,Jiangsu,China
270,Shenzhen University,Shenzhen,Guangdong,China
271,Albion College,Albion,MI,USA
272,Anhui University of Technology,Ma'anshan,,China
273,Roanoke College,Salem,VA,USA
274,Beijing Institute of Technology,Beijing,,China
275,Tianjin University of Finance and Economics,Tianjin,,China
276,The Second Artillery Engineering University,Xi'an,Shanxi,China
277,Renmin University Of China,Beijing,Beijing,China
278,shenyang jianzhu university,shenyang,liaoning,China
279,Huangzhong University of Science and Technology,Wuhan,Hubei,China
280,Civil Aviation University of China,Tianjin,,China
281,China Jiangsu University,Zhenjiang,Jiangsu,China
282,South China Normal University,GuangZhou,Guangdong,China
283,Jinan University,Guangzhou,Guangdong,China
284,Fudan University,Shanghai,,China
285,Hexi University,Zhangye,Gansu,China
286,Northeast Forestry University,Harbin,Heilongjiang,China
287,York University,Toronto,Ontario,Canada
288,City University of Hong Kong,Hong Kong,,China
289,South-Central University for Nationalities,wuhan,hubei,China
290,Zhejiang University,Hangzhou,,China
291,Shandong university of finance and economics in China,jinan,,China
292,Bard College,Annandale-on-Hudson,NY,USA
293,Shanghai University,Shanghai,baoshan,China
294,Southwest University,Beibei,Chongqing,China
295,Luoyang Normal University,Luoyang,Henan,China
296,Jilin University of Finance and Economics,Changchun,Jilin,China
297,Civil Aviation University of China,Tianjin,Tianjin,China
298,Southwestern University of Finance and Economics,Chengdu,Sichuan Province,China
299,SHANGHAI UNIVERSITY OF FINANCE AND ECONAMICS,SHANGHAI,SHANGHAI,China
300,Guangdong University of Finance and Economics,Guangzhou,Guangzhou,China
301,Southwestern University of Financial and Economics,Chengdu,SiChuan,China
302,BeijingÂ UniversityÂ ofÂ Post and Telecommunication,Beijing,Beijing,China
303,SouthWest Jiaotong University,Chengdu,Sichuan,China
304,Beijing Language and Culture University,Beijing,Beijing,China
305,Sichuan University,Chendu,Sichuan,China
306,Central University of Finance and Ecomomics,Beijing,,China
307,Shandong university,Jinan,Shandong province,China
308,Chongqing University of Science &Technology,Chongqing,,China
309,Sun Yat-sen University,Zhuhai,,China
310,Capital Normal University,Beijing,Beijing,China
311,University of Science and Technology of Beijing,Beijing,,China
312,University of Illinois at Urbana-Champaign,Urbana,IL,USA
313,Hebei Normal University,Shijiazhuang,Hebei Province,China
314,Shandong University(Weihai),Weihai,Shandong,China
315,Shenyang Normal University,Shenyang,Liaoning,China
316,University of Adelaide,Adelaide,SA,Australia
317,Xi'an University of Architecture and Technology,Xi'an,shaanxi,China
318,Shanghai university of finance and economics,Shanghai,,China
319,Peking University,BEIJING,BEIJING,China
320,Snake River HS,Blackfoot,ID,USA
321,Institution of Innovation; Northeastern University,Shenyang,Liaoning,China
322,Sichuan University,Chengdu,Sichuan,China
323,Xinjiang University,Urumqi,Xinjiang,China
324,Zhejiang University,HANGZHOU,ZHEJIANG,China
325,Maths,Shanghai,,China
326,China Jiliang University,Hangzhou,Zhejiang,China
327,Nanjing University,Nanjing,Jiangsu Provence,China
328,Zhejiang University,Hangzhou,Zhejiang Province,China
329,Neijiang Normal University,Neijiang,Sichuan,China
330,Xiamen University,XIAMEN,FUJIAN,China
331,China University of Petroleum (East China),Qingdao,Shandong,China
332,Qingdao University of Science and Technology,Qingdao,Shandong,China
333,South University of Science and Technology of China,Shenzhen,Guangdong,China
334,Nanjing University,HaianNantong,Jiangsu,China
335,Hangzhou Dianzi University,Hangzhou,Zhejiang,China
336,RENMIN UNIVERSITY OF CHINA,BEIJING,BEIJING,China
337,California Polytechnic State University,San Luis Obispo,CA,USA
338,Xiâ€™an University of Finance & Economics,Xi'an,Shaanxi,China
339,Eastern Oregon University,La Grande,OR,USA
340,Beijing University of Chemical Technology,Chaoyang District,Beijing,China
341,College of Science North China University of Technology,Beijing,Beijing,China
342,Huazhong University of Science and Technology,WUHAN,HUBEI,China
343,Jinan University Zhuhai Campus,Zhuhai,GuangDong,China
344,Northeastern University China,Shenyang,Liaoning,China
345,China University of Petroleum,Qingdao city,Shandong,China
346,Hunan Police Academy,Changsha,Hunan,China
347,Institution of Metallurgy Resources and Environmental Engineering; Northeastern University,Shenyang,Liaoning,China
348,NANKAI UNIVERSITY,TianJin,TianJin,China
349,South China Normal University,Qingdao,Shandong,China
350,Shandong University of Science & Technology,Taian,Shandong,China
351,University of Science and Technology of China,HEFEI,ANHUI,China
352,Shandong University of Technology,Zibo,Shandong Province,China
353,TianJin University,TianJin,TianJin,China
354,University of Business and Economics,Beijing,Beijing,China
355,Guangdong University of Finance,Guangzhou,GuangDong,China
356,Louisiana Tech University,Ruston,LA,USA
357,Lan Zhou University of Technology,Lan Zhou,Gan Su,China
358,School of Engineering Sun Yat-Sen University,Guangzhou,Guangdong,China
359,Columbia University,New York,NY,USA
360,School of Electronic and Engineering,Beijing,Beijing,China
361,Mercer University,Macon,GA,USA
362,Chongqing University of Posts and Telecommunications,Chongqing,,China
363,Sichuan University Jinjiang College,meishan,Sichuan,China
364,Tsinghua Univeristy,Beijing,Beijing,China
365,NANKAI UNIVERSITY,tian jin,tianjin,China
366,Shandong University,Jinan,Shandong,China
367,Shandong university of science and technology,Shandong Qingdao,,China
368,Shenyang Pharmaceutical University,Benxi,Liaoning,China
369,South China Normal University,Canton,,China
370,Winthrop University,Rock Hill,SC,USA
371,Hohai University,Changzhou,Jiangsu,China
372,chongqing university of posts and telecommunications,ChongQing,ChongQing,China
373,Dalton State College,Dalton,GA,USA
374,Qiannan Normal College for Nationalities,Duyun,Guizhou,China
375,South China Normal University,Guangzhou,tianhe,China
376,Shenyang Normal University,Liaoning Province Shenyang City,Asia,China
377,Inner Mongolia University of Finance and Economics,Hohhot,Inner Mongolia,China
378,Physics School of Nankai University,Tianjin,Tianjin,China
379,Sun Yat-sen University,GUANGZHOU,GUANGDONG,China
380,Youngstown State University,Youngstown,OH,USA
381,Chongqing University of Posts and Telecommunications,Chongqing,Chongqing,China
382,Shanghai Lixin University of Commerce,Shanghai,,China
383,Shiyuan College of Guangxi Teachers Education University,Nanning,Guangxi,China
384,Shanghai University of Finanace and Economics,Shanghai,Shanghai,China
385,Southwestern University of Finance and Economics,ChengDu,Wenjiang,China
386,East China University of Political Science and Law,Shanghai,Shanghai,China
387,South China University of Technology,Guang Zhou,,China
388,Liaoning University,Shenyang,Liaoning,China
389,Southwest University of Science and Technology,Mianyang,Sichuan,China
390,Shanghai University of Finance and Economics,Shanghai,Shanghai,China
391,Dalian University,Dalian city,liaoning,China
392,South-Central University For Nationalities,Wu han,Hu bei,China
393,Nanjing University of Posts & Telecommunications,Nanjing,Jiangshu,China
394,HuaQiao University,QuanZhou,FuJian,China
395,southwest university of science and technology,Mianyang,Sichuan,China
396,Beijing Normal University,Beijing,HaiDian,China
397,The College of Idaho,Caldwell,ID,USA
398,University of International Business and Economics,Beijing,Beijing,China
399,Institute of Computer System;Northeastern University,Shenyang,Liaoning,China
400,Shanghai Jiaotong University,Shanghai,Shanghai,China
401,University of Science and Technology Beijing,Beijing,Asia,China
402,Jiangsu Normal University,Xuzhou,Jiangsu,China
403,Tianjin University of Finance and Economics,TianJin,,China
404,Zhejiang Chinese Medical University,Hangzhou,Zhejiang,China
405,Jiansu Jianzhu University,Xuzhou,Jiangsu,China
406,Sichuan University,Wuxi,,China
407,Sun Yat-sen University,GuangZhou,GuangDong,China
408,The Southwestern University of Finance and Economics,Chengdu,Sichuan,China
409,professor,Beijing,,China
410,Inner Mongolia University For The Nationlities,Tongliao,Inner Mongolia Autonomous Region,China
411,Renmin Universuty of China,Beijing,Beijing,China
412,NANKAI UNIVERSITY,TIANJIN,TIANJIN,China
413,Shanghai University of Finance & Economics,Shanghai,Shanghai,China
414,Guangxi Teachers Education University,Nanning,Guangxi,China
415,Math School,Xiamen,Fujian,China
416,Yunnan Normal University,Kunming,Chenggong New District,China
417,Zhongnan University of Economics and Law,Wuhan,Hubei province,China
418,Institution of Pattern Recognition ;Northeastern University,Shenyang,Liaoning,China
419,Beihang Univeristy,BeiJing,,China
420,Wuhan Universtity,Wuhan,Hubei,China
421,Western Connecticut State University,Danbury,CT,USA
422,Shanghai university of finace and economic,Shanghai,Shanghai,China
423,Shandong Normal University,Jinan,Shandong,China
424,Shanghai Institute of Technology,shang hai,,China
425,Shanghai Univisity,Shanghai,Shanghai,China
426,shaanxi university of technology,hanzhong,shaanxi,China
427,East China Normal University,Shang Hai,Shang Hai,China
428,Hong Kong Baptist University,Kowloon,,Hong Kong
429,Shandong Jiaotong University,Ji Nan,Shan Dong,China
430,Civil Aviation University of China,TianJin,TianJin,China
431,Hunan University,Changsha,Hunan,China
432,school of architecture civil engineering Nantong University,Nantong,JiangSu,China
433,Beijing University of Techonolgy,Beijing,Beijing,China
434,Hubei University,Wuhan,Hubei,China
435,Wuhan Univercity,Wuhan,Hubei,China
436,Chengdu University of Information Technology,Chengdu,Sichuan,China
437,The College of Wooster,Wooster,OH,USA
438,Shenyang Jianzhu University,Shenyang,Liaoning,China
439,Mount Holyoke College,South Hadley,MA,USA
440,Beijing Wuzi University,Beijing,Beijing,China
441,Shanghai Maritime University,Shanghai,Shanghai,China
442,Western Washington University,Bellingham,WA,USA
443,Sichuan University,Sichuan,,China
444,Northwest A&F University,Yangling,Shaanxi,China
445,shenzhen unviersity,Shenzhen,Guandong,China
446,UNIVERSITY OF SHANGHAI FOR SCIENCE AND TECHNOLOGY,SHANGHAI,,China
447,Sam Houston State University,Huntsville,TX,USA
448,Southwest Jiaotong University,ChengDu,SiChuan,China
449,Shenyang Institute of Technology,Fushun,Liaoning,China
450,Xi'an University of Architecture and Techonology,Xi'an,Shaanxi Province,China
451,South China Normal University,Guangzhou,GuangDong,China
452,Hohai University Wentian College,Maanshan,Anhui,China
453,Xi'an Aeromautical Polytechnic Institute,Xi'an,Shaanxi,China
454,Liaoning Normal University,Dalian,Liaoning,China
455,XI'AN UNIVERSITY OF FINANCE AND ECONOMICS,XI'an,Shaanxi,China
456,East China Normal University,Shanghai,East China,China
457,Zhongnan University of Economics and Law,Wuhan,Hubei,China
458,Huanggang Normal University,Huanggang,Hubei Province,China
459,Xidian University,Xi'an,shaanxi,China
460,Soochow university,Suzhou,,China
461,Ordos Collegeï¼ŒInner Mongolia University,Erdos,Inner Mongolia Autonomous Region,China
462,BeiJing University Of Post And Telecommunication,beijing,,China
463,Beijing University of Technology,Beijing,-,China
464,Nankai University,TIANJIN,TIANJIN,China
465,ZUEL,wuhan,hubei,China
466,Kansas State University,Manhattan,KS,USA
467,Nanjing College of Information Technology,Nanjing,Jiangsu,China
468,Northwest University for Nationalities,Gansu,Lanzhou,China
469,Guangdong University of Foreign Studies,Guangzhou,Guangdong,China
470,China Three Gorges University,Yi Chang,HuBei,China
471,Georgia College,Milledgeville,GA,USA
472,Gannan Normal University,Ganzhou,,China
473,Hohai University Changzhou Campus,Changzhou,Jiangsu,China
474,Shanghai University,Shanghai,Shanghai,China
475,South-Central University for Nationalities,Wuhan,Hubei,China
476,Northwest Missouri State University,Maryville,MO,USA
477,BeiJing University Of Post And Telecommunication,BeiJing,BeiJing,China
478,University of Science & Technology Beijing,Beijing,Beijing,China
479,University of Science and Technology of China,Hefei,,China
480,Coe College,Cedar Rapids,IA,USA
481,Linyi Number 7 middle school,Linyi,Shandong Provience,China
482,Department of Mathematics and Institute of Natural Sciences,SHANGHAI,SHANGHAI,China
483,Nanjing University,Nanjing,China,China
484,University of International Business and Economy,Beijing,Beijing,China
485,Southwestern University of Finance and Economics,Chengdu,,China
486,Southwest Jiaotong University,Chengdu,Sichuan,China
487,Wuhan university,Wuhan,Hubei,China
488,Pattern Recognition;Northeastern University,Shenyang,Liaoning,China
489,Hohai University,Changzhou,JiangSu,China
490,Shanghai univercity,Shanghai,Shanghai,China
491,Xuhai College of China University of Mining and Technology,Xuzhou,Jiangsu,China
492,Wesleyan College,Macon,GA,USA
493,SUN YAT-SEN UNIVERSITY,GUANG ZHOU,,China
494,SOUTH WEST JIAOTONG UNIVERSITY,CHENG DU,SI CHUAN,China
495,Zhejiang Normal University,Jinhua,Zhejiang,China
496,National University of defense technology,Changsha,Hunan,China
497,Sun Yat-sen University,Guangzhou City,Guangdong Province,China
498,University of California Los Angeles,Los Angeles,CA,USA
499,Anhui Jianzhu University,Hefei,Anhui,China
500,Tsinghua University,Haidian,Beijing,China
501,P.R.China Beijing Normal University,Beijing,Beijing,China
502,Northwest University,Xiâ€™an,Shaanxi Province,China
503,Hubei University of Economics,WUHAN,HUBEI,China
504,Shanghai University for Science and Technology,Shanghai,Shanghai,China
505,Binzhou University,Binzhoou,Shandong,China
506,Shenzhen Institute of Information Technology,Shenzhen,GuangDong,China
507,TianJin University Of Finance And Economics,Tianjin,China,China
508,University of International Business and Economics,BEIJING,BEIJING,China
509,Xiamen University of Technology,Xiamen,Fujian,China
510,New York Institute of Technology,New York,NY,USA
511,Xi'an University of Finance and Economics,XI'AN,SHAANXI,China
512,Zhejiang University,Hangzhou City,Zhejiang Province,China
513,Southwestern University Of Finance And Economics,Chengdu,Sichuan,China
514,RENMIN UNIVERSITY of CHINA,Beijing,China,China
515,Shanghai Jiao Tong University,shanghai,shanghai,China
516,Miami University,Oxford,OH,USA
517,Huazhong University of science and technology,Wuhan,Hubei,China
518,Woodside Priory School,Portola Valley,CA,USA
519,Dalhousie University,Halifax,Nova Scotia,Canada
520,Hohai University,Nanjing,Jiangsu,China
521,China University of Political Science and Law,Beijing,Beijing,China
522,Undergraduate,Beijing,Beijing,China
523,Nanjing Agricultural University,NanJing,JiangSu,China
524,Wartburg College,Waverly,IA,USA
525,Lanzhou University of Technology,Lanzhou,Gansu,China
526,Tianjin Univ. of Commerce,Tianjin,Tianjin,China
527,Zhongnan University of Economics and Law,Wuhan,China,China
528,PLA Imformation Engineering University,ZhengZhou,HeNan,China
529,Cal Poly Pomona,Pomona,CA,USA
530,Shijiazhuang Tiedao University,Shijiazhuang,Hebei,China
531,Maggie Walker Governors School,Richmond,VA,USA
532,MinZu University of China,Beijing,,China
533,Fuyang Normal College Anhui province China.,Fuyang,yingzhou,China
534,wuhan university,Wuhan,,China
535,Hexi Univercity,Zhangye,Gansu,China
536,shaanxi university of technology,hanzhong,Shaanxi,China
537,Henan University of Science and Technology,Luoyang,Henan,China
538,Bejing University of Chemical Technology,Chaoyang District,Beijing,China
539,Tianjin Agricultural University,Tinjin,86,China
540,Peking University,Beijing,Beijing P.R.CHINA,China
541,Shaoguan University,Shaoguan,Guangdong,China
542,Jilin University,Chang Chun,Ji Lin Province,China
543,Henan University,Kaifeng,Henan,China
544,Nanjing Foreign Language School,Nanjing,Jiangsu,China
545,Tufts University,Medford,MA,USA
546,Sichuan University,Albany,NY,USA
547,The Engineering &technical College of Chengdu University of Technology,Leshan,Sichuan Province,China
548,Shandong University Shandong China,Jinan,Shandong,China
549,Shanghai Univercity,Shanghai,Shanghai,China
550,School of Science of Tianjin University,Tian Jin,China,China
551,Shenzhen Polytechnic,Shenzhen,GuangDong,China
552,China University of Geosciences,Beijing,Haidian District,China
553,Huazhon university of science and technology,Wuhan,Hubei,China
554,Renming University,Beijing,,China
555,Shanghai JiaoTong University,Shanghai,Shanghai,China
556,Henan Normal University,Xinxiang,Henan Province,China
557,Shandong University of Finance and Economics,shandong,jinan,China
558,East China University of Science and Technology,ShangHai,ShangHai,China
559,Panzhihua University,Pan Zhihua,SiChuan,China
560,ZhengzhouÂ University,Zhengzhou,Henan,China
561,Xinjiang University,Urumchi,Xinjiang Autonomous Region,China
562,the Central University of Finance and Economics,Beijing,Beijing,China
563,Beijing University of Aeronautics and Astronautics,Beijing,Changping,China
564,Wuhan University of technology,Wuhan,Hubei,China
565,Peking University,Peking,Peking,China
566,College of Sciences ; Northeastern University,Shenyang,Liaoning,China
567,Shenzhen Polytechnic,Shenzhen,,China
568,Anhui Normal University,Wuhu,Anhui Province,China
569,Tianjin Polytechnic University,Tianjin,,China
570,Xi'an University of Architechture&Technology,Xi'an,Shaanxi,China
571,Renmin University of China,Beijing,,China
572,South-west Jiaotong University,Chengdu,Sichuan,China
573,Lawrence Technological University,Southfield,MI,USA
574,BeiJing University Of Post And Telecommunication,Haidian,Beijing,China
575,Cupertino High School,Cupertino,CA,USA
576,Jilin University,Changchun,Jilin Province,China
577,China University of Geosciences (Beijing),Beijing,Beijing,China
578,Tianjin University of Commerce,Tianjin,Tianjin,China
579,XIDIAN UNIVERSITY,Xi'an,Shaanxi,China
580,South China University of Technology,Guangzhou,,China
581,The Chinese University of Hong Kong,Hong Kong,Hong Kong,China
582,Dongbei University of Finance and Economics,Dalian,LiaoNing,China
583,Northern Kentucky University,Highland Heights,KY,USA
584,Duquesne University,Pittsburgh,PA,USA
585,Tianjin University,Tianjin,China,China
586,Jinan University,Guanghzou,Guangdong,China
587,Jiangxi University of Finance and Economics,Nanchang,Jiangxi,China
588,YunNan University,Kunming,yunnan,China
589,East China Normal Univeristy,Shanghai,,China
590,Anhui University of Finance and Economics,Bengbu,Anhui,China
591,Shihezi University,Shihezi,Xinjiang,China
592,Nankai University,Nankai Tianjin,Tianjin,China
593,Shenyang University,ShenYang,LiaoNing,China
594,Beijing Normal University,Bei Jing,Bei Jing,China
595,Ocean University of China,Tsingtao,Shandong,China
596,Zhongnan University of Economics and Law,Wuhan,HuBei,China
597,The University of Edinburgh,Edinburgh,MIdlothian,United Kingdom
598,Xi'an Jiaotong University,Xi'an,Shaanxi,China
599,Yunnan Normal University,Kunming,Yunnan Province,China
600,Dalian Polytechnic University,Dalian,Liaoning Province,China
601,South China Normal University,Guangzhou,Guangzhou,China
602,Henan Institute of Science and Technology,Xinxiang,Henan,China
603,Carnegie Mellon University,Pittsburgh,PA,USA
604,Economics,beijing,beijing,China
605,Wuhan University,Wuhan,Select One,China
606,Shandong university,Jinan,Shandong,China
607,Wu Han University,WuHan,HuBei,China
608,Tianjin University of Commerce,Tianjin,China Mainland,China
609,Dalian Maritime University,Dalian,Liaoning,China
610,Central China Normal University,Wuhan,,China
611,Huazhong Agricultural University,Wuhan,Hubei,China
612,Fudan Univerity,Shanghai,,China
613,Beijing Jiaotong University,Beijing,,China
614,NanTong University,NanTong,,China
615,University of International Business and Economics School of Finance,Beijing,,China
616,Hainan University,Haikou,Hainan,China
617,The Capital University of Economics and Business,Beijing,Beijing,China
618,HAINAN UNIVERSITY,HAIKOU,HAINAN,China
619,Minzu University of China,Beijing,Beijing,China
620,Hebei university,baoding,hebei,China
621,South China Normal University,GuangZhou,GuangDong,China
622,BeiJing University Of Post And Telecommunication,BeiJing,,China
623,Hebei University of Technology,Tianjin,,China
624,Shanghai University of Finance and Economics,Shanghai,,China
625,Central University of Finance and Ecomomics,Beijng,,China
626,Shanghai University of Finance and Economics,Shanghai,P.R.China,China
627,Lehigh University,Bethlehem,PA,USA
628,Capital Medical University,Beijing,Beijing,China
629,Tianjin Foreign Studies University,Tianjin,Tianjin,China
630,Xi'an university of architecture & technology,Xi'an,Shannxi,China
631,Xijing University,Xi'an,Shaanxi,China
632,ZheJiang University,HangZhou,ZheJiang,China
633,Shanxi University,TaiyuanShanxi,,China
634,Amherst College,Amherst,MA,USA
635,Guangdong Polytechnic Normal University,guangzhou,Guangdong,China
636,Dongbei University of Finance and Economics,Dalian,Liaoning,China
637,Air Force Logistics College,Xuzhou,Jiangsu Province,China
638,Dalian Jiaotong university,DaLian,Liaoning,China
639,University of International Business and Economics,Beijing,,China
640,Dalian University of Technology,Dalian,Liaoning,China
641,Jiangnan University,Wuxi,Jiangsu,China
642,Universitat AutÃ²noma de Barcelona,Bellaterra,Barcelona,Spain
643,Lanzhou University,Lanzhou,,China
644,University of Stirling,Stirling,,Scotland
645,Ocean University of China,Qingdao,Shangdong province,China
646,Shenyang Institute of Engineering,Shenyang,Liaoning,China
647,East China Normal University,Shanghai,China,China
648,Xihua University,Chengdu,SiChuan,China
649,Southwestern University Of Finance And Economics,Chengdu,Sichuan Province,China
650,Colorado College,Colorado Springs,CO,USA
651,NANTONG UNIVERSITY,NANTONG,JIANGSU,China
652,Huaqiao University,Xiamen,Fujian,China
653,South China Normal University Guangzhou P.R. China,Guangzhou,Guangdong,China
654,Zhejiang University,HangZhou,ZheJiang,China
655,Eastern Michigan University,Ypsilanti,MI,USA
656,Nantong University,NANTONG,JIANGSU,China
657,Sacred Heart University,Fairfield,CT,USA
658,Jilin University,Changchun,Jilin,China
659,Rensselaer Polytechnic Institute,Troy,NY,USA
660,Capital University of Economics and Business,Beijing,Beijing,China
661,Shandong University,Jinan,Shandong China,China
662,Hu Bei University of Economics,WuHan,Hubei,China
663,Tongji University,SHANGHAI,,China
664,Henan University of Urban Construction,Pingdingshan,Henan,China
665,Xi'an University of Architecture and Technology,Xi'an,Shanxi,China
666,The Stony Brook School,Stony Brook,NY,USA
667,South China University of China,Guangzhou,,China
668,Foshan University,Foshan,Guangdong,China
669,Guangdong University of Finance and Econonmics,Guangzhou,,China
670,Zhejiang Industry & Trade Vocational College,Wenzhou,Zhejiang,China
671,Cornell University,Ithaca,NY,USA
672,College of Science and Technology of China Three Gorges University,YiChang,HuBei,China
673,Central South University,Changsha,,China
674,North China Electric Power University,Changping,Beijing,China
675,Zhejiang University of Science and Technology,Hangzhou,,China
676,Harbin University of Commerce,Harbin,Heilongjiang,China
677,Ningbo Institute of Technology Zhejiang University,Ningbo City,Zhejiang,China
678,Tianjin University of Finance and Economics,Tianjin,Tianjin,China
679,Sichuan Agricultural University,Ya an,Sichuan,China
680,University of Shanghai for Science & Technology,Shanghai,Shanghai,China
681,Tongji University,Shanghai,,China
682,Anhui University Of Science & Technology,Huainan,Anhui,China
683,Peking University,Beijing,HaiDian,China
684,Wake Forest University,Winston Salem,NC,USA
685,China Three Gorges University,Yichang,Hubei,China
686,Southeast University,Nanjing,Jiangsuprovince,China
687,Shanghai Jiaotong University China,Shanghai,Shanghai,China
688,TIANJIN UNIVERSITY,Tianjin,,China
689,Hangzhou Normal University Qianjiang College,Hangzhou,Zhejiang,China
690,Jilin University of Finance and Economics,Changchun,Jilin Province,China
691,Dalian Polytechnic University,DaLian,Liaoning Province,China
692,BeiJing University Of Post And Telecommunication,BeiJing,Beijing,China
693,Henan University of Technology,Zhengzhou,Henan,China
694,WUHAN UNIVERSITY,Wuhan,Hubei Province,China
695,Undergraduate course,Beijing,Beijing,China
696,Central University of Finance and Ecomomics,BEIJING,BEIJING,China
697,GuangDong University of Finance and Economics,Guangzhou,Guangdong,China
698,National University of Singapore,Singapore,,Singapore
699,Anhui Normal University,Wuhu,,China
700,The University of Tennessee Knoxville,Knoxville,TN,USA
701,Humboldt State University,Arcata,CA,USA
702,Beijing Normal University,Beijing,China,China
703,Chang'an University,Xi'an,Shaanxi,China
704,Shanghai University,Shanghai,,China
705,Economics,Beijing,Beijing,China
706,Regis University,Denver,CO,USA
707,China University of Geosciences (Wuhan),Wuhan,Hubei,China
708,Shenyang jianzhu University,shenyang,Liaoning,China
709,Tongji University,shanghai,Shanghai,China
710,Yunnan University,kunming,yunnan,China
711,Liaocheng Univ.,Liaocheng,Shandong,China
712,JiangXi University of Science and Technology,Ganzhou,Jiangxi,China
713,University of Science and Technology of China,Hefei Anhui,,China
714,Peking Univ.,Beijing,Beijing,China
715,Sonoma State University,Rohnert Park,CA,USA
716,Northeast Petroleum University,Daqing,Heilongjiang,China
717,WUHAN UNIVERSITY,WUHAN,HUBEI,China
718,UC Berkeley,Berkeley,CA,USA
719,Shaanxi University of Technology,Hanzhong,Shaanxi,China
720,Henan University of Science & Technology,Luoyang,Henan,China
721,East China University of Political Science and Law,Shanghai,Songjiang,China
722,High School Affiliated to People's University (RDFZ),Beijing,,China
723,Nankai University,Tianjin,Nankai,China
724,Central University of Finance and Ecomomics,Beijing,Not Applicable,China
725,Xavier University,Cincinnati,OH,USA
726,Shanghai Jiao Tong University,Shanghai,Asia,China
727,FuYang Normal College AnHui China.,FuYang,,China
728,Shanghai Jiaotong University,shanghai,shanghai,China
729,Qingdao Univrsity,Qingdao,Shandong,China
730,Jinling Institute of Technology,Nanjing,Jiangsu,China
731,Wuhan Uniersity,Wuhan,Hubei,China
732,ZhongKai University of Agriculture and Engineering,GuangZhou,GuangDong,China
733,Shanghai Universtiy of Finance and Economics,Shanghai,,China
734,Ocean University of China,QingDao,ShangDong,China
735,International Institute of Information Technology Hyderabad,Hyderabad,Telangana,India
736,University of Utah,Salt Lake City,UT,USA
737,West Ahui University,Luâ€™an,Anhui,China
738,Institute of Information Technology of Guilin University of Electronic Technology,Guilin,Guangxi,China
739,University of St. Thomas,Saint Paul,MN,USA
740,Shanxi University,Taiyuan  Shanxi,,China
741,Southwestern University of Finance and Economics,chengdu,sichuan,China
742,Shandong Jianzhu University,Jinan,Shandong,China
743,Lamar University,Beaumont,TX,USA
744,Ulster University,Bealfast,Northern Ireland,United Kingdom
745,Hong Kong University of Science and Technology,Clear Water Bay-Kowloon,,Hong Kong
746,China Pharmaceutical University,Nanjing City,Jiangsu,China
747,Ocean University of China,Qingdao,,China
748,Yunnan Minzu University,kunming,yunnan,China
749,ShanDong University,Jinan,Shandong,China
750,Emory University,Atlanta,GA,USA
751,The University of Shanghai for Science and Technology,Shanghai,Shanghai,China
752,South China Normal University,Guangzhou,China,China
753,South China University of Technology,GuangZhou,GuangDong,China
754,University of Science and Technology Beijing,Beijing,Beijing,China
755,School of Information Renmin University of China,Beijing,Beijing,China
756,South West Jiaotong University,Chengdu,Sichuan,China
757,Harbin Institute of Technology,Weihai,Shandong,China
758,BeiJing University Of Post And Telecommunication,Beijing,Bejing,China
759,SOUTH CHINA UNIVERSITY OF TECHNOLOGY,ShenZhen,GuangDong,China
760,Changchun architecture &civil engineering college,Changchun,Jilin,China
761,Beijing Union University,Beijing,Beijing,China
762,Changsha University,Changsha,Hunan,China
763,Univeristy of International Business and Economics,Beijing,,China
764,Nankai University,Tianjin China,,China
765,ZheJiang University,Hangzhou,,China
766,school of mathematics,shanghai,shanghai,China
767,TongJi university,ShangHai,,China
768,Nanjing university,Nanjing,Jiangsu,China
769,University of International and Business Economics,BeijingChina,,China
770,Beijing Normal University Zhuhai,Zhuhai City,Guangdong,China
771,Guizhou University,Guiyang,Guizhou,China
772,Nanjing University of Posts&Telecommunications,Nanjing,Jiangsu,China
773,Henan Normal University,Xinxiang,Henan,China
774,Beijing Institute of Technology,Beijing,Bejing,China
775,School of Information Science and Engineering; Northeastern University,Shenyang,Liaoning,China
776,University of Science and Technology of China,Hefei,Anhui,China
777,China University of Geosciences,Beijing,,China
778,Institution of Thermal Science and Power Systems,HangZhou,ZheJiang,China
779,Zhengzhou University,Zheng zhou,He nan,China
780,Southwest petroleum university,Chengdu,,China
781,DaLian JiaoTong University,Dalian,Liaoning,China
782,Chongqing Technology and Business University,Chongqing,,China
783,RENMIN UNIVERSITY OF CHINA,BEIJING,,China
784,NanKai University,TianJin,TianJin,China
785,North China Electric Power University,Baoding,Hebei,China
786,Hangzhou Normal University,Hangzhou,Zhejiang,China
787,South Western University of Finance and Economics,Chengdu CitySichuan Province,,China
788,Software Engineering Institute,Shanghai,China,China
789,University of Wisconsin--River Falls,River Falls,WI,USA
790,Northwestern Polytechnical University,Xi'an,Shaanxi,China
791,Nantong University,Nantong,Jiangsu,China
792,Wuxi Big Bridge Academy,Wuxi,Jiangsu,China
793,North China Electric Power University,Baoding,Hebei Province,China
794,West Anhui University,Luâ€™an,Anhui,China
795,Linfield College,McMinnville,OR,USA
796,Beijing normal university,Beijing,Beijing,China
797,Shenyang University of Technology,Shenyang,Liaoning,China
798,east china university of political science and law,shanghai,songjiang,China
799,University of Helsinki,Helsinki,N/A,Finland
800,Heilongjiang University China,Harbin,Heilongjiang,China
801,School of Mechanical Engineering and AutomationNortheastern University,Shenyang,Liaoning,China
802,Chongqing University of Technology,Chongqing,Chongqing,China
803,Shanghai University of Finance and Economics,SHANG HAI,,China
804,East China University of Science and Technology,Shanghai,Fengxian,China
805,Jiangxi University of Traditional Chinese Medicine,Nanchang,,China
806,Maryville College,Maryville,TN,USA
807,Nanjing University of Posts and Telecommunications,Nanjing,Jiangsu,China
808,South China University Of Technology,Guangzhou,,China
809,College of Science Northeastern University China,Shenyang,Liaoning,China
810,South China University of Technology,Guangzhou,Guabgdong,China
811,Hunan Normal University,Changsha,Hunan,China
812,East China Institute of Technology,Nanchang,Jiangxi,China
813,Department of Mathematics; Northeastern University,Shenyang,Liaoning,China
814,Tianjin University of Finance and Economics,TianJin,TianJin,China
815,Colorado State University,Fort Collins,CO,USA
816,Nanjing University,Nanjing,Jiangsu,China
817,Seattle Pacific University,Seattle,WA,USA
818,Qufu normal university,Qufu,Shandong,China
819,Duke University,Durham,NC,USA
820,Wuhan University Of Technology,Wuhan,Hubei,China
821,Liaoning Technical University,Huludao,Liaoning,China
822,ZaoZhuang University,ZaoZhuang,ShanDong Province,China
823,Hainan University,HaiKou,HaiNan,China
824,Department of Mathematics,Shanghai,,China
825,Taizhou Ploytechnic College,Taizhou,Jiangsu,China
826,Xi'an University of Finance and Economics,Xi'an,Shaanxi,China
827,Yunnan University,Kunming,,China
828,Qinggong College Hebei United University,Tangshan,Hebei,China
829,Shandong University,Ji'nan,Shandong,China
830,Huazhong University of Science and Technolog,Wuhan,Hubei,China
831,Westminster College,Salt Lake City,UT,USA
832,Army Officer Academy,Hefei,Anhui,China
833,Sichuan Agricultural University,Ya'an,Sichuan,China
834,Southwest Petroleum University,Chengdu City,Sichuan Province,China
835,University Of Shanghai For Science and Technology,Shanghai,Shanghai,China
836,The school of management University of Science and Technology of China,Hefei,Anhui,China
837,Northwestern Polytechnical University,XI`AN,Shaanxi,China
838,School of information& School of Science,Beijing,,China
839,WENZHOU UNIVERSITY,WENZHOU,ZHEJIANG,China
840,Institution of Software; Northeastern University,Shenyang,Liaoning,China
841,Sichuan University,Chengdu,SichuanÂ ,China
842,Beihang Univeristy,Beijjing,Beijing,China
843,Beijing Institute of Technology,BEIJING,BEIJING,China
844,School of Computer Science and Techonology,Jinan,Shandong Province,China
845,Guangdong University of Foreign Studies,Guangzhou,Guangdong province,China
846,Donghua university,Shanghai,,China
847,Appalachian State University,Boone,NC,USA
848,Henan normal university,Xinxiang,Henan,China
849,Software Engineering Institute East China Normal University,Shanghai,Shanghai,China
850,University of Pittsburgh,Pittsburgh,PA,USA
851,Southeast University,Nanjing,Jiangsu Province,China
852,SHANGHAI UNIVERSITY OF FINANCE AND ECONOMICS,SHANGHAI,SHANGHAI,China
853,University of Nebraska-Lincoln,Lincoln,NE,USA
854,Minnesota State University Moorhead,Moorhead,MN,USA
855,Harbin University of Science and Technology,Harbin,Heilongjiang,China
856,Richard Stockton College of New Jersey,Galloway,NJ,USA
857,mathematics,TianJin,TianJin,China
858,WuHan University,Wuhan,Hubei,China
859,Nanyang Normal University,Nanyang,Henan,China
860,Institute of Electrical Engineering and Automation; Northeastern University,Shenyang,Liaoning,China
861,Minzu University of China,Beijing,,China
862,Northwest University for Nationalities,Lanzhou,Gansu,China
863,Liaoning Shihua University,Fushun,Wanghua,China
864,University of Science and Technology of China (USTC),Hefei,Anhui,China
865,Xi'an University of Finance & Economics,Xi'an,Shaanxi,China
866,Institute of Artificial Intelligence and Robotics; Northeastern University,Shenyang,Liaoning,China
867,Civil Aviation University of China,Tianjin,Dongliqu,China
868,Yangzhou University,Yangzhou,,China
869,UIBE,Beijing,,China
870,Zhengzhou Information Engineering University,Zhengzhou,Henan,China
871,Tianjin university of commerce,Tianjin,Tianjin,China
872,Fujian University of Technology,Fuzhou,Fujian,China
873,Shihezi University,Xinjiang,Shi Hezi,China
874,Hebei Finance University,Baoding,Hebei,China
875,Tsinghua University,Beijing,,China
876,University of Internetional Business and Economics,Beijing,Beijing,China
877,Shandong University of Technology,Zibo,Shandong,China
878,Southwestern University of Finance And Economics,ChengDu,SiChuan,China
879,Morehead State University,Morehead,KY,USA
880,Georgetown College,Georgetown,KY,USA
881,Xi'an University of Architecture and Technology,Xi' an,Shaanxi,China
882,School of Mathematical and Physical Science,Beijing,,China
883,Dalian Neusoft University of Information,Dalian,LiaoNing,China
884,Shanghai Jiao Tong University,SHANGHAI,CHINA,China
885,Jilin University.,Changchun,Jilin,China
886,Clemson University,Clemson,SC,USA
887,South China Normal University,Guang Zhou,Guang Dong,China
888,Jinhua Polytechnic,Jinhua,Zhejiang,China
889,University Of International Business and Economics,Beijing,Beijing,China
890,Kwangwoon University,Seoul,,South Korea
891,Institut Teknologi Bandung,Bandung,Jabar,Indonesia
892,Pacific University,Forest Grove,OR,USA
893,School of Mathematical SciencesNanjing Normal University,Nanjing,Jiangsu,China
894,Beijing Institute of Technology,Beijing,Beijing,China
895,Minzu University of China,beijing,beijing,China
896,Anhui University,Hefei,Anhui,China
897,Sichuan Uinversity,Chengdu,Sichuan,China
898,Erasmus University Rotterdam,Rotterdam,,Netherlands
899,Sichuan University,Chengdu Sichuan,,China
900,North China ELectric Power University,Beijing,,China
901,Henan Normal University,Xinxiang,,China
902,Southwest Jiaotong University,E'meishanLeshan,Sichuan,China
903,BNU-HKBU United International College,Zhuhai,Guangdong,China
904,University of California San Diego,La Jolla,CA,USA
905,Ocean University of China,Qingdao,Shandon,China
906,Hangzhou Normal University,Hangzhou,zhejiang,China
907,Information Engineering,Dalian,Liaoning,China
908,Yancheng Teachers University,Yancheng,Jiangsu,China
909,Fudan University,Berkeley,CA,USA
910,University of Minnesota,Minneapolis,MN,USA
911,Xi'an University of Technology,Xi'an,Shaanxi,China
912,East China University Of Science And Technology,Shanghai,Shanghai,China
913,Beijing Normal University,Beijing,Beijing,China
914,Tianjin University of Science and Technology,Tianjin,Tianjin,China
915,Southwestern University of Finance and Economy,Chengdu,SiChuan,China
916,Guangdong University Of Finance and Economy,Guangzhou,Guangdong,China
917,University of Electronic Science and Technology of China,Chengdu,Sichuan,China
918,School of Digital Media and Design Art,Beijing,,China
919,University of Macau,Macau,Macau SAR,China
920,SICHUAN university,Chengdu,Sichuan,China
921,NanKai university,Tianjin,Tianjin,China
922,Nanchang Institute of Technology,Nanchang,Jiangxi,China
923,University of West Georgia,Carrollton,GA,USA
924,Illinois Institute of Technology,Chicago,IL,USA
925,Pacific Lutheran University,Tacoma,WA,USA
926,Shaanxi University of Technology,HanZhong,shaanxi,China
927,Southern Medical University,Guangzhou,Guangdong,China
928,University of Wisconsin Milwaukee,Milwaukee,WI,USA
929,Saint Louis University,St. Louis,MO,USA
930,Purdue University,West Lafayette,IN,USA
931,Zhengzhou University of Light Institution,Zhengzhou,Henan,China
932,Nankai University,Tian Jin,,China
933,BeiJing University Of Post And Telecommunication,Beijing,Asia,China
934,Nanjing University of Posts and Telecommunications,Nanjing,JiangSu,China
935,New York University,New York,NY,USA
936,HaiNan University,Haikou,HaiNan,China
937,California State University Fullerton,Fullerton,CA,USA
938,Tarim University,alaer,Sinkiang,China
939,Nanjing University,Nanjing,,China
940,USMA,West Point,NY,USA
941,Anqing Normal University,Anqing,Anhui,China
942,Beihai College of Beihang University,Beihai,Guangxi,China
943,South China Normal University,GuangZhou,TianHe,China
944,IUPUI,Indianapolis,IN,USA
945,Stanford University,Stanford,CA,USA
946,Xidian University,XI'AN,SHAANXI,China
947,Zhejiang University China,Hangzhou,Zhejiang,China
948,Zhejiang university,Hangzhou,Zhejiang,China
949,ShuGuang School,Zigong,Sichuan,China
950,Shanghai university of finance and economics,Shanghai,Shanghai,China
951,Tsinghua University,Beijing,Beijing,China
952,University of Science and Technology of China,hefei,anhui,China
953,Kenyon College,Gambier,OH,USA
954,Chengdu Shishi Cambridge A-level Center,Chengdu,,China
955,Shanxi Agricultural University,Jinzhong,Shanxi,China
956,Zhejiang University,Beijing,,China
957,East China Normal University,Shang Hai China,,China
958,Xi'an University of Posts and Telecommunications,Xi'an,Shaanxi,China
959,Dongbei university of Finance and Economics,Dalian,Liaoning,China
960,Sun Yat-Sen University,Guangzhou City,Guangzhou Province,China
961,Naval University of Engineering,Wuahn,Hubei,China
962,Asbury University,Wilmore,KY,USA
963,Hendrix College,Conway,AR,USA
964,North China Electric Power University,Beijing,,China
965,SiChuan University,chengdu,SiChuan,China
966,Shangdong university,Jinan,Shandong Province,China
967,Shandong University of Science and Technology,Qingdao,P.R.China,China
968,Xi'an University of Architecture and Technology,Xi'an,Shannxi,China
969,Shandong university of finance and economics,jinan,,China
970,University of International Business and Economics,BEIJING,,China
971,Shenyang Agriculture University,Shenyang,Liaoning,China
972,Software College; Northeastern University,Shenyang,Liaoning,China
973,Zhongnan University of Economics and Law,WUHAN,HUBEI,China
974,Shandong University of Finance and Economics,Jinan,shandong,China
975,RENMIN UNIVERSITY of CHINA,Beijing,,China
976,Shenyang Aerospace University,Shenyang,Liaoning,China
977,Wuhan University,Wuhan,,China
978,University of International Business and Economics,Beijng,,China
979,Goshen College,Goshen,IN,USA
980,Materials and metallurgy; Northeastern University,Shenyang,Liaoning,China
981,tongji university,shanghai,shanghai,China
982,Central China Normal University,Wuhan,China,China
983,Georgia Southern University,Statesboro,GA,USA
984,Qingdao University,Qingdao,Shandong,China
985,Zhongnan University of Economics and Law,Wuhan,,China
986,Zhejiang University,Hangzhou,Zhejiang,China
987,Xiâ€™an University Of Architecture and Technology,Xiâ€™an,Shaanxi,China
988,University of Wisconsin-Madison,Madison,WI,USA
989,BeiJing University Of Post And Telecommunication,Beijing,Haidian Distric,China
990,Inner Mongolia University of technology,Hohhot,Inner Mongolia,China
991,Signal and information processing; Northeastern University,Shenyang,Liaoning,China
992,Wuhan University of Technology,Wuhan,Hubei,China
993,Beijing Technology and Business University,Beijing,,China
994,Institution of Maths ; Northeastern University,Shenyang,Liaoning,China
995,Changchun University of Science and Technology,Changchun,Ji Lin,China
996,Sichuan Agricultural University,Du Jiangyan,Sichuan,China
997,Xiamen University,Xiamen,FUJIAN,China
998,Dalian Nationalities University,Dalian,China,China
999,Yunnan University,Kunming,Yunnan,China
1000,Northeastern University,Shenyang,Liaoning,China
1001,Guangdong University of Finance & Economics,Guangzhou,Guangdong,China
1002,University of International Business and Economics,Beijing,chaoyang,China
1003,Wuhan UniversityChina,WuhanChina,Wuhan,China
1004,GuangDong University of Foreign Studies,Guangzhou,GuangDong Province,China
1005,Chongqing University of Science and Technology,Chongqing,,China
1006,Georgetown University,Washington,DC,USA
1007,North China Electric Power Univercity,Changping,Beijing,China
1008,Southwest JiaoTong University,Chengdu,Sichuan,China
1009,Northeast Normal University,Changchun,,China
1010,Montana Tech,Butte,MT,USA
1011,University of Science and Technology of China,Hefei City,,China
1012,HaiNan University,Haikou,Hainan,China
1013,Renmin University,Beijing,Beijing,China
1014,Shenzhen University,Shenzhen,Guangdong Province,China
1015,Davidson College,Davidson,NC,USA
1016,Tian Jin University,TianJin,TianJin,China
1017,Shenyang University,Shenyang,Liaoning,China
1018,China University of Petroleum Beijing,Beijing,,China
1019,ZhengZhou University,ZhengZhou,HeNan,China
1020,University of International Business and Economics,Beijing,Chaoyang,China
1021,Harbin Institute of Technology,Harbin,Heilongjiang,China
1022,Beijing Normal University Zhuhai,Zhuhai,,China
1023,School of Computer Science and Technology,Jinan,Shandong Province,China
1024,Beijing Union University,Beijing,,China
1025,South China Agricultural University,Guangzhou,Guangdong,China
1026,LanZhou University of Technology,LanZhou,GanSu,China
1027,University of Colorado Denver,Denver,CO,USA
1028,University of International Business and Economics,beijing,,China
1029,SHANGHAI UNIVERSITY,Shanghai,Shanghai,China
1030,Iinformantion Engineering,Dalian,Liaoning,China
1031,Northwest A&F University,Yangling,Shannxi Province,China
1032,Shenzhen Middle School,Shenzhen,Guangdong,China
1033,Southwest Jiaotong University,Chengdu,Sichuan Province,China
1034,Shandong University,æµŽå�—å¸‚,å±±ä¸œçœ�,China
1035,Shanghai Jiading No.1 High School,Shanghai,Shanghai,China
1036,South China Normal University,Guang Zhou,,China
1037,College of Sciences Northeastern University,Shenyang,Liaoning,China
1038,Henan Polytechnic University,Jiaozuo City,Henan Province,China
1039,Guilin University of Electronic Technology,Guilin,Guangxi,China
1040,Zhejiang A&F University,Hangzhou,Zhejiang,China
1041,HARBIN ENGINEERING UNIVERSITY,HARBIN,HEILONGJIANG,China
1042,Hebei University of Technology,Tianjin,Tianjin,China
1043,Henan Polytechnic University,Jiaozuo,Henan,China
1044,Guangzhou University,Guangzhou,Guangdong Province,China
1045,Xitucheng 10th Road Haidian District.Beijing Univ. of Posts and Telecomm. Beijing Beijing 100876,Beijing,Beijing,China
1046,Midlands Technical College,Columbia,SC,USA
1047,South China Normal University,Guangdong Province,,China
1048,Institute of Microelectronics,Beijing,Beijing,China
1049,Sichuan University,Chengdu,Chengdu,China
1050,Shanghai University,Baoshan,Shanghai,China
1051,Officer College of Chinese People's Armed Police Force,Chengdu,Sichuan,China
1052,Huaqiao University,Fujian,Xiamen,China
1053,Tianjin University,Tianjin,,China
1054,Guangdong Polytechnic Normal University,Guangzhou,Guangdong,China
1055,School of Architecture and Civil EngineeringNantong University,Nan Tong,JiangSu,China
1056,Shanghai Jiao Tong Univeresity,Shanghai,Shanghai,China
1057,HEBEI FANANCE UNIVERSITY,Baoding,Hebei,China
1058,China University of Geosciences(Wuhan),Wuhan,Hubei,China
1059,Shanxi University,Taiyuan,Shanxi,China
1060,The Huazhong University of Science and Technology,Wuhan,Hubei Province,China
1061,HuBei University of Economics,WuHan,HuBei,China
1062,Tianjin University,Nankai,Tianjin,China
1063,LongDong University,Qingyang,Gausu,China
1064,Salisbury University,Salisbury,MD,USA
1065,Officers College of CAPF,chengdu,sichuan,China
1066,Ocean university of China,Qingdao,Sandong,China
1067,Paivola School of Mathematics,Tarttila,,Finland
1068,Wuhan Univ.,Wuhan,Hubei,China
1069,No. 10 Huixin Dongjie Chaoyang District Beijing P.R. China,Beijing,Beijing,China
1070,Rose-Hulman Institute of Technology,Terre Haute,IN,USA
1071,Beijing Normal University,BEIJING,,China
1072,ShanDong University of Science and Technology,Qingdao,Shandong,China
1073,UNIVERSITY OF SCIENCE AND TECHNOLOGY OF CHINA,Hefei,Anhui,China
1074,Southeast University,Nanjing,Jiangsu Provience,China
1075,University of Shanghai for Science and Technology,SHANGHAI,SHANGHAI,China
1076,nankai university,tianjin,,China
1077,Northwestern Polytechnical University,xi 'an,shanxi,China
1078,Dalian Polytechnic University,Dalian,Liaoning,China
1079,Southwest Jiaotong University,CHENGDU,SICHUAN,China
1080,SouthwesternÂ UniversityÂ of Finance and Economics,Chengdu,Sichuan,China
1081,Southeast University,NANJING,JIANGSU,China
1082,Jinling High School,Nanjing,Jiang Su,China
1083,Shanghai Kongjiang High School,Shanghai,,China
1084,China University of Geosciences,Wuhan,Hubei,China
1085,EAST CHINA NORMAL UNIVERSITY,Shanghai,China,China
1086,Tianjin University of Science and Technology,TianJin,TianJin,China
1087,Minzu university of China,Beijing,,China
1088,Taishan UniversityChina,Taian,Shandong,China
1089,Shanghai University,Shanghai,China,China
1090,Southwest Jiaotong University,CHENG DU,SI CHUAN,China
1091,Lanzhou university,lanzhou,Gansu,China
1092,College of Science,Beijing,,China
1093,Nottingham Trent University,Nottingham,,United Kingdom
1094,Liaoning Technical Universty,Fuxin,,China
1095,Northwestern Polytechnical University,Xi'an,Shanxi,China
1096,Shenyang Jianzhu university,Shenyang,Liaoning,China
1097,Math Institution Beihang University,Beijing,China,China
1098,Southwest University of Finance and Economics,Chengdu,Sichuan,China
1099,South-Center University For Nationalities,Wuhan,Hubei Province,China
1100,EAST CHINA NORMAL UNIVERSITY,SHANGHAI,SHANGHAI,China
1101,University of International Business and Economy,Beijing,Chaoyang,China
1102,University of International Business and Economics China,Beijing,Beijing,China
1103,Henan Normal University,XinXiang,HeNan,China
1104,East China Normal University,Shanghai,Minhang,China
1105,Sun Yat-sen University,Guang zhou,Guang dong,China
1106,Shanxi University People's Republic of China,Taiyuan,Shanxi Province,China
1107,Wuhan Polytechnic University,Wuhan,Hubei,China
1108,The University of Western Ontario,London,ON,Canada
1109,Henan normal University,xinxiang,henan,China
1110,Qilu University Of Technology,Jinan,Shandong,China
1111,East China Normal University,Shanghai,,China
1112,Taizhou Institute of Sci.&Tech.NUST,Taizhou,,China
1113,Tianjin university,Tianjin,Tianjin,China
1114,China University of Geoscience (Wuhan),Wuhan,Hubei,China
1115,Peking university,Beijing,Beijing,China
1116,Chongqing University of Technology,Chongqing,,China
1117,Universitiy of International Business and Economics,Beijing,,China
1118,SiChuan University,Chengdu,Sichaun,China
1119,Sichuan Agricultural University,Yaan,Sichuan,China
1120,Kunming University,Kunming,Yunnan,China
1121,Nanjing Agricultural University,Nanjing,Jiangsu,China
1122,East China University of Science and Technology,Shanghai,Shanghai,China
1123,University Of Science and Technology Beijing,Beijing,Beijing,China
1124,Huazhong University of Science and Technology,Wuhan,,China
1125,Shenzhen University China,Shenzhen,Guangdong,China
1126,Tianjin University of Technology and Education,Tianjin,Tianjin,China
1127,University of Internetional Business and Economics,Beijing,,China
1128,Shandong University,Jinan Shandong Province,Shandong Province,China
1129,South China University of Technology,Tianhe Distric,Guangzhou,China
1130,Sun Yat-sen University Guangzhou,Guang Zhou,Asia,China
1131,Bloomsburg University,Bloomsburg,PA,USA
1132,Henan Polytechnic University,Jiaozuo,Henan Province,China
1133,Southwestern University of Finance and Economics,chengdu,,China
1134,Jilin University,Changchun City,Jilin Province,China
1135,School of Electrical Engineering,Wuhan,Hubei,China
1136,Central University of Finance and Ecomomics,Beijing,Asia,China
1137,Taiyuan University,jinzhong,shanxi,China
1138,Sichuan Agricultural University,Chengdu,sichuan,China
1139,Shandong University of Science and Technology,Tai'an city,Shandong province,China
1140,Xiamen UniversityChina,Xiamen,Fujian,China
1141,Sewanee: the University of the South,Sewanee,Tennessee,USA
1142,Southwestern University of Finance and Economics,Chengdu,Si Chuan Province,China
1143,Renmin University of China,beijing,,China
1144,School of Information,Beijing,,China
1145,Southwestern university of Finance and Economics,Chengdu,China,China
1146,University of Science & Technology Beijing,beijing,,China
1147,Institution of Mathematics; Northeastern University,Shenyang,Liaoning,China
1148,Dezhou University,Dezhou,Shandong,China
1149,The University Of International Business Economics,Beijing,Beijing,China
1150,ShanDong University of Technology,ZiBo,ShanDong,China
1151,Key Laboratory of Ecological Utilization of Multi-metal Intergrown Ores of Ministry of Education &School of Materials and Metall,Shenyang,Liaoning,China
1152,Jiangxi Agricultural University,Nanchang,Jiangxi,China
1153,University of Science and Technology of China,Hefei China,,China
1154,Ocean University of China,Shandong,Qingdao,China
1155,Sichuan University,Chengdu,Sichuan Province,China
1156,Beijing Normal University,Beijing,,China
1157,Hubei University of Technology,Wuhan,Hubei Province,China
1158,University of Science and Technology Liaoning,Anshan,Liaoning,China
1159,Institution of Intelligent Robots and Pattern Recognition; Northeastern University,Shenyang,Liaoning,China
1160,TongJi University,Shanghai,Shanghai,China
1161,Renmin University of China,BEIJING,,China
1162,Henan Normal University,Xin'xiang,Henan Province,China
1163,Shandong University of Technology,zibo,Shandong,China
1164,School of Statistics,Beijing,,China
1165,Beijing University of Post and Telecommunication,Beijing,,China
1166,Harbin Medical University,Harbin,Hei Long Jiang,China
1167,TianJin university,TianJin,TianJin,China
1168,Second Military Medical University,Shanghai,Yangpu,China
1169,Hainan University,Haikou,Hainan Province,China
1170,Central University of Finance and Ecomomics,Beijing,Beijing Municipality,China
1171,University of Oklahoma,Norman,OK,USA
1172,South China University of Technology,Guangzhou,Guangdong,China
1173,Cheng Yi College of Jimei University,Xiamen,Fujian,China
1174,university,Tianjing,Tianjing,China
1175,Ocean University of China,Qingdao City,Shandong Province,China
1176,Southwestern University of Finance and Economics,CHENGDU CITI,SICHUAN PROVINCE,China
1177,National Engineering Research Center for Multimedia Software Wuhan University,Wuhan,Hubei,China
1178,School of Sciences;Northeastern University,Shenyang,Liaoning,China
1179,Tianjin University,TianjinChina,Tianjin,China
1180,Shanghai JiaoTong University,Shanghai,,China
1181,Shanghai University of International Business and Economics,Shanghai,Songjiang,China
1182,Xi'an Eurasia University,Xi'an,Shaanxi,China
1183,university of international business and economics,Beijing,Beijing,China
1184,Bryn Athyn College,Bryn Athyn,PA,USA
1185,Minzu University of China,Beijng,,China
1186,concordia college NY,bronxville,NY,USA
1187,Sichuan Agricultural University,Chengdu,Sichuan,China
1188,University of Science And Techology Of China,HeFei,AnHui,China
1189,Wuhan University of Science and Technology,Wuhan,Hubei,China
1190,Renmin University of China,Beijing,Beijing,China
1191,Peking University,Beijing,Beijing,China
1192,University of international business and economics,Beijing,Beijing,China
1193,Hebei University,Baoding,Hebei,China
1194,Hu Bei Univeristy of Economics,WuHan,HuBei,China
1195,Institute of Scientific & Engineering Computing,Hangzhou,Zhejiang,China
1196,Inner Mongolia University of Technology,Hohhot,Inner Mongolia,China
1197,School of mathematics and statistics,Beijing,Beijing,China
1198,Shandong University,Jinan,,China
1199,Central University of Finance and Ecomomics,Bejing,Bejing,China
1200,Fuyang Normal College Anhui province China.,FuYang,yingzhou,China
1201,SHANDONG UNIVERSITY,JINAN,Shandong,China
1202,South China Normal Uniyersity,Guangzhou,Guangdong,China
1203,Beijing Normal University Zhuhai,Zhuhai,Guangdong,China
1204,Chongqing University of Science and Technology,é‡�åº†,ChongQing,China
1205,South China Institute of Software Engineering. GU,Guangzhou,Guangdong,China
1206,South China Normal University,Guangzhou,,China
1207,Nanjing Tech University,Nanjing,Jiangsu,China
1208,City University of Hong Kong,City University of Hong Kong,,Hong Kong
1209,Zhongnan University Of Economics And Laws,Wuhan,Hubei,China
1210,Huaqiao University,Quan Zhou,Feng Ze,China
1211,Xi'an Jiaotong-Liverpool University,Suzhou,Jiangsu,China
1212,Naval University of Engineering,Wuhan,Hubei,China
1213,Shanghai University of Financial & Economics,Shanghai,,China
1214,Henan University of Economics and Law,Zhengzhou,Henan,China
1215,Kansas Wesleyan University,Salina,KS,USA
1216,Wuhan University,WuchangWuhan,Hubei,China
1217,University of Liverpool,Liverpool,Merseyside,United Kingdom
1218,ZHEJIANG UNIVERSITY,shanghai,shanghai,China
1219,Sichuan Normal University,Chengdu,Sichuan,China
1220,Carroll College,Helena,MT,USA
1221,University of Science and Technology of China,HeFei,AnHui,China
1222,Lafayette College,Easton,PA,USA
1223,Minzu University of China,Beijing,China,China
1224,university,beijing,,China
1225,Fujian Normal University,Fuzhou,Fujian,China
1226,China University of Mining and Technology,Xuzhou,Jiangsu,China
1227,Minzu Univercity of China,Beijing,,China
1228,Grand View University,Des Moines,IA,USA
1229,University of Washington,Seattle,WA,USA
1230,Southwestern University of Finance and Economics,Chengdu,wenjiang,China
1231,Academy of Armored Forces Engineering,Beijing,Beijing,China
1232,Binzhou University,Binzhou,Shandong,China
1233,Virginia Military Institute,Lexington,VA,USA
1234,Milligan College,Milligan College,TN,USA
1235,Colgate University,Hamilton,NY,USA
1236,Southwestern University of Finance and Economics,ChengDu,SiChuan,China
1237,School of EngineeringSun Yat-Sen University,Guangzhou,Guangdong,China
1238,University of Shanghai for Science and Technology,Shanghai,Shanghai,China
1239,Beijing University Of Technology,Beijing,Beijing,China
1240,Guangxi University,Nanning,Guangxi,China
1241,Roger Williams University,Bristol,RI,USA
1242,China University of Geosciences Beijing,Beijing,,China
1243,shenyang jianzhu university,shenyang,Liaoning,China
1244,Shandong University of Science and Technology,Qingdao,Shandong,China
1245,Zhejiang University of Technology,Hangzhou,,China
1246,shanghai,shanghai,shanghai,China
1247,Tianjin University People's Republic of China,Tianjin,,China
1248,Changsha University of Science & Technology,Changsha,Hunan,China
1249,X1'an University of Architecture and Technology,Xi'an,Shaanxi,China
1250,Xiamen University,Xiamen,Fujian,China
1251,South China University Of Technology,Guangzgou,,China
1252,Zhengzhou University Of Light Industry,Zhengzhou,Henan,China
1253,Wheaton College (IL),Wheaton IL,IL,USA
1254,NanTong University,NanTong,JiangSu,China
1255,Huazhong University Of Science & Technlology,Wuhan,Hubei,China
1256,Zhongnan University of Economics and Law,Wuhan,Hubei Province,China
1257,Huaiyin Normal University,Huaian,Jiangsu,China
1258,Macau University of Science and Technology,Macau,,China
1259,Shanghai U. of Finance and Economics School of Economics,Shanghai,Shanghai,China
1260,Northeast Agricultural University,Harbin,Heilongjiang,China
1261,Virginia Western,Roanoke,VA,USA
1262,Ithaca College,Ithaca,NY,USA
1263,BeiJing University Of Post And Telecommunication,BEIJING,,China
1264,Xiangtan University,Xiangtan,Hunan,China
1265,Nankai University,TIANJIN,,China
1266,Austin Peay State University,Clarksville,TN,USA
1267,JiangXi College of Construction,NanChang,JiangXi,China
1268,Berlin School of Economics and Law,Berlin,Berlin,Germany
1269,Jacksonville University,Jacksonville,FL,USA
1270,The Second Artillery Engineering University,Xi'an,Shaanxi,China
1271,Northwestern Polytechnical University P.R.CHINA,XI'AN,SHAANXI,China
1272,Xinyang Normal University,Xinyang,Henan,China
1273,Huainan Normal University,Huainan,Anhui,China
1274,University of Denver,Denver,CO,USA
1275,University of Manchester,Manchester,,United Kingdom
1276,Huazhong University of Science&Technology,Wuhan,Hubei,China
1277,Pattern Recognition ;Northeastern University,Shenyang,Liaoning,China
1278,Minzu university of China,Beijing,Beijing,China
1279,Software college; Northeastern University,Shenyang,Liaoning,China
1280,Shandong University of Science and Technology,Tai'an city,Shandong Province,China
1281,Shenyang Agricultural University,SHENYANG,LIAONING,China
1282,East China Normal University,ShangHai,,China
1283,Sun Yat-Sen University,Guangzhou,,China
1284,Nanjing University,Nanjing,Qixia,China
1285,South-Central University for Nationalities,WuHan,HuBei,China
1286,Lanzhou University of Technology,Lanzhou,,China
1287,Beijing Technology and Business University,Beijng,,China
1288,South China Normal University,guangzhou,guangdong,China
1289,University of Science and TechnologyBeijing(USTB),Beijing,Beijing,China
1290,Huazhong University of Science and technology,Wuhan,Hubei,China
1291,Dalian University of Technology,Dalian,,China
1292,NC School of Science and Mathematics,Durham,NC,USA
1293,Northeaster University (China),Shenyang,,China
1294,Olin College,Needham,MA,USA
1295,Fuzhou University,Fuzhou,Fujian,China
1296,Guangdong University of Technology,Guangzhou,,China
1297,shaanxi university of technology,han zhong,shaanxi,China
1298,Sun Yat-sen University,Zhuhai,Guangdong,China
1299,Beijing Forestry University,Beijing,Beijing,China
1300,China University of Petroleum,beijing,beijing,China
1301,College of Computer and Control Engineering,Tian Jin,,China
1302,China University of Geosciences Beijing,Beijing,Beijing,China
1303,Xi'an University of Architecture and Technology,Xiâ€™An,ShaanXi,China
1304,University of shanghai for Science&Technology,Shanghai,,China
1305,BeiJing University Of Post And Telecommunication,Beijing,China,China
1306,Shanghai University,shanghai,shanghai,China
1307,North China Electric Power University Baoding,Baoding,Hebei,China
1308,University of Science & Technology of China,Hefei,Anhui,China
1309,shenyang pharmaceutical university,Shenyang,liaoning,China
1310,Shanghai University Of Engineering Science,ShangHai,SongJiang,China
1311,Wuhan University,Wuhan,China,China
1312,Hunan University of Commerce,Changsha,Hunan,China
1313,GUANGDONG UNIVERSITY OF FINANCE AND ECONOMICS,GUANGZHOU,GUANGDONG,China
1314,Grinnell College,Grinnell,IA,USA
1315,Sun Yat-Sen University,Guangzhou,Guangdong,China
1316,Capital University of Economics and Business,BEI JING,BEI JING,China
1317,East China Normal University,Shanghai,Shanghai,China
1318,South China Agricultural University,Guangzhou,Tianhe,China
1319,Hainu University,Haikou,Hainan,China
1320,Nankai University,tianjin,tianjin,China
1321,Shanghai Jiao Tong University,Shanghai,Shanghai,China
1322,Beihang Univeristy,Beijing,Beijing,China
1323,China University of GeosciencesBeijing,Beijing,Beijing,China
1324,Officer's college of CAPF,Chengdu,Sichuan,China
1325,Mathematics,Shanghai,Shanghai,China
1326,Taiyuan University of Technology,Taiyuan,Shanxi,China
1327,Beijing Jiaotong University,beijing,,China
1328,Kunming University of Science and Technology,Kunming,Yunnan,China
1329,Fudan University,SHANGHAI,SHANGHAI,China
1330,FUDAN UNIVERSITY,SHANGHAI,SHANGHAI,China
1331,Nankai University,Tianjin,Aisa,China
1332,Mount St. Mary's University,Emmitsburg,MD,USA
1333,SOUTHWEST UNIVERSITY FOR NATIONALITIES,CHENGDU,SICHUAN,China
1334,Shenyang Ligong University,Shenyang,Liaoning,China
1335,Westminster College,New Wilmington,PA,USA
1336,Guangdong University of Technology,Guangzhou,Guangdong,China
1337,Nanjing University of Aeronautics and Astronautics,Nanjing,Jiangsu,China
1338,HuBei University of Economics,Wuhan,Hubei,China
1339,Rhodes College,Memphis,TN,USA
1340,Tianjin UniversityChina,Tianjin,Tianjin,China
1341,henan normal university,xinxiang,henan,China
1342,Shanghai University of Electric Power,Shanghai,,China
1343,east china university of political science and law,shanghai,shanghai,China
1344,Nankai University,Tianjin,Non-US/Non-Canadian,China
1345,Chongqing University,Shapingba district,Chongqing,China
1346,Beijing Information Science & Technology University,Beijing,,China
1347,School of Materials and Metallurgy; Northeastern University,Shenyang,Liaoning,China
1348,Sichuan Agriculture University,Chengdu,Sichuan,China
1349,Shandong University,Jinan,Shandong Province,China
1350,Zhejiang University City College,Hangzhou,Zhejiang,China
1351,Soochow University,Suzhou,,China
1352,Chung Yuan Christian University,Chung Li,,Taiwan
1353,City University of Hong Kong,Kowloon,,Hong Kong
1354,Zhejiang University China,Hangzhou Zhejiang Province,,China
1355,Hefei No.8 high school,Hefei,Anhui,China
1356,Yantai University,Yantai,,China
1357,Xuhai college of China University of Mining and Technology,Xuzhou,Jiangsu,China
1358,College of Biochemical EngineeringBeijing Union University,Beijing,Beijing,China
1359,Southwest Jiaotong University,Chengdu,,China
1360,American Heritage School Plantation,Plantation,FL,USA
1361,South China Normal University,Guangzhou Guangdong China,,China
1362,Nanjing University of Information Science and Technology,Nanjing,Jiangsu,China
1363,Meredith College,Raleigh,NC,USA
1364,Huazhong Agriculture University,WuHan,Hubei,China
1365,Lan Zhou University of Technology,Lan Zhou,Gansu,China
1366,University of Macau,macau,macau,China
1367,University of Michigan-Shanghai Jiao Tong University Joint Institute,Shanghai,,China
1368,Qingdao Technical Colleage,Qingdao,Shandong,China
1369,University of Delaware,Newark,DE,USA
1370,Central China Normal University,Wuhan,Hubei,China
1371,Universith of International Business and Economics,Beijing,,China
1372,Shaanxi University of Science & Technology,Xi'an,,China
1373,Union College,Schenectady,NY,USA
1374,Shandong University,JINAN,Shandong,China
1375,minzu univercity of China,Beijing,Beijing,China
1376,Ocean University of China,qingdao,Shandong,China
1377,Shanghai University of Finance and Economics,shanghai,shanghai,China
1378,Central South University,Changsha,Hunan,China
1379,Minzu University of China,Bejing,Beijing,China
1380,Sun Yat-sen University,Guangzhou,Guangdong Province,China
1381,SYSU,Guangzhou,Guangzhou,China
1382,Leshan Normal University,Leshan,Sichuan,China
1383,Jilin University of Finance and Economics,Changchun,Jinlin,China
1384,SHANGHAI JIAO TONG UNIVERSITY,SHANGHAI,SHANGHAI,China
1385,State University of New York University at Buffalo,Buffalo,NY,USA
1386,GuangDong Vocational College of Environmental Protetion Engineering,FoShan,GuangDong Province,China
1387,School of Reliability and Systems EngineeringBeihang University,Beijing,Beijing,China
1388,Yangtze University,Jingzhou,Hubei,China
1389,mathematics and systems science institute,Beijing,Beijing,China
1390,Shantou University,Shantou,Guangdong,China
1391,Nankai University,Tianjin,China,China
1392,China University of Geosciences,Beijing,Beijing,China
1393,China University of Political science and Law,BEJING,,China
1394,Zhejiang University,Ningbo,Zhejiang,China
1395,Xi'an University of Finance and Economics,XI'AN,Shaanxi,China
1396,Changchun University of Science and Technology,Changchun,Jilin,China
1397,Chongqing Normal University,Chongqing,Chongqing,China
1398,Tianjin University,Tianjin,Nankai District,China
1399,University of International business and economics,Beijing,Beijing,China
1400,Henan normal university,xinxiang,henan,China
1401,South Dakota School of Mines & Technology,Rapid City,SD,USA
1402,University of International Business and Ecomomics,Beijing,Beijing,China
1403,Shanghai Institute of Technology,Shanghai,,China
1404,Shandong University of Science and Technologyï¼ŒChina,Qingdao City,Shandong Province,China
1405,Xiamen University,Xiamen,FuJian,China
1406,China Agricultural University,Beijing,,China
1407,Institution of Mathematics;Northeastern University,Shenyang,Liaoning,China
1408,U.S. Air Force Academy,USAF Academy,CO,USA
1409,Xuzhou Institute of Technology,Xuzhou,Jiangsu,China
1410,FuZhou College of Foreign Studies and Trade,Fuzhou,Fujian,China
1411,Shandong University of Finance and Economics,Jinan,China,China
1412,College of Petroleum Engineering,Qingdao,Shandong,China
1413,Wuhan University,Wuhan City,Hubei Province,China
1414,Peking University,Beijing,,China
1415,University of international business and economics,Beijing,,China
1416,Tianjin University,Tianjin,Tianjin,China
1417,College of Applied Science.Jiang Xi University of Science and Technology,Ganzhou,Jiang Xi,China
1418,Virginia Western Community College,Roanoke,VA,USA
1419,Renmin University of China,Beijing,Beijing Municipality,China
1420,Hubei University Of Economics,WUHAN,HUBEI,China
1421,Heilongjiang University of science and technology,Harbin,Heilongjiang,China
1422,Shandong Agricultural University,Tai'an City,Shandong,China
1423,School of Architecture and Civil EngineeringNantong University,NanTong,JiangSu,China
1424,Belhaven University,Jackson,MS,USA
1425,Tongji University,shanghai,shanghai,China
1426,SouthWestern University of Finance and Economics,chengdu,sichuan,China
1427,Faculty of Information Science and Engineering; Northeastern University,Shenyang,Liaoning,China
1428,PekingUniversity(PKU),Beijing,,China
1429,Economics,Beijing,Bejing,China
1430,Dalian Ocean University,Dalian,Liaoning,China
1431,Yanshan University,Qinhuangdao,Hebei,China
1432,Heilongjiang University,Harbin,Heilongjiang,China
1433,Chong Qing University,Shapingba,ChongQing,China
1434,University of Manchester,Manchester,Great Manchester,United Kingdom
1435,Beijing Forestry University,BEIJING,,China
1436,ZheJiang University,Hangzhou,Zhejiang,China
1437,Washington and Lee University,Lexington,VA,USA
1438,Southwestern University of Finance and Economics,Chengdu,Wenjiang,China
1439,Ocean University of China,Qingdao,Shandong Province,China
1440,China University of Political science and Law,BEIJING,,China
1441,the city college of jilin jianzhu university,Changchun City,jilin,China
1442,University of Puget Sound,Tacoma,WA,USA
1443,Department of Economics Minzu University of China,Beijing,Beijing,China
1444,The University of International Business and Economics,Beijing,,China
1445,Sun Yat-Sen University,Zhuhai,Guangdong,China
1446,South China Normal Univercity,Guangzhou,China,China
1447,Shandong University of Technology,Zibo,Shangdong,China
1448,South China Normal University,GUANGZHOU,GUANGDONG,China
1449,Teacher,Beijing,Beijing,China
1450,Shanghai university,Shanghai,,China
1451,Suzhou University of Science and Technology,Jiangsu,Suzhou,China
1452,Qingdao agricultural university,Qingdao,Shandong,China
1453,University of International and Economics,Beijing,,China
1454,Informantion Engineering,Dalian,Liaoning,China
1455,University of International Business and Economics,Beijing,Asia,China
1456,Communication University of China,Beijing,,China
1457,nanjing university of finance&economics,nanjing,jiangsu,China
1458,Beijing University of Chemical Technology,Caoyang District,Beijing,China
1459,Henan Normal University,Henan Xinxiang,China,China
1460,Minzu University of China,BEIJING,BEIJING,China
1461,shenyang University of Technology,Shenyang,Liaoning,China
1462,University of Science and Technology of China,Heifei,Anhui,China
1463,Nanjing University,Nanjing,Jiangsu province,China
1464,NORTH CHINA ELECTRIC POWER UNIVERSITY,BEIJING,,China
1465,Zhejiang University,hangzhou,Zhejiang,China
1466,concordia college NY,pleasantville,NY,USA
1467,Beijing University of Technology,Beijing,Beijing,China
1468,University of North Texas,Denton,TX,USA
1469,South-Central University for Nationalities,Haidian District,Beijing,China
1470,Colby College,Waterville,ME,USA
1471,Sun Yat-sen University,Guangzhou,,China
1472,Beijing University of Aeronautics and Astronautics,Beijing,Beijing,China
1473,Southern Medical University,Guangzhou,Guangdong Province,China
1474,China University of Petrolem(Beijing),Beijing,Beijing,China
1475,University of International Bussiness and EconomyBeijingChina,Beijing,,China
1476,James Madison University,Harrisonburg,VA,USA
1477,Dalian Neusoft University of Information,Dalian,Liaoning,China
1478,Oregon State University,Corvallis,OR,USA
1479,Southwestern University of Finance and Economics,Chengdu,SiChuan,China
1480,Chengdu Technological University,chengdu,Sichuan,China
1481,College of science,Shanghai,Shanghai,China
1482,College of Information Science and Engineering; Northeastern University,Shenyang,Liaoning,China
1483,Shanghai Institute of Technology,Shanghai,Shanghai,China
1484,Inner Mongolia University,Hohhot,Inner Mongolia Autonomous Region,China
1485,Zhengzhou university,zhengzhou,henan,China
1486,University of Science and Technoloy of China,Hefei,Anhui,China
1487,Temple University,Philadelphia,PA,USA
1488,South China University of Technology,GuangZhou,,China
1489,Slippery Rock University,Slippery Rock,PA,USA
1490,Tianjin University of Finance and Economics,Tianjin,China,China
1491,Binghamton University (SUNY),Binghamton,NY,USA
1492,Zhengzhou University,Zhengzhou,Henan Province,China
1493,University of Central Florida,Orlando,FL,USA
1494,Institute of Mechatronics Engineering; Northeastern University,Shenyang,Liaoning,China
1495,Beihang Univeristy,BEIJING,BEIJING,China
1496,Sichuan University,Chengdu,,China
1497,University of International Relations,Beijing,Beijing,China
1498,Idaho State University,Pocatello,ID,USA
1499,Changchun University Of Science and Technology,Changchun,Jinlin,China
1500,HuNan University,Changsha,HuNan,China
1501,EAST CHINA NORMAL UNIVERSITY,Shanghai,,China
1502,University of International Business and Econmics,Beijing,Beijing,China
1503,Dalian Neusoft University of information,Dalian,Liaoning,China
1504,Research Center of Control & Simulation; Northeastern University,Shenyang,Liaoning,China
1505,University of New Mexico,Albuquerque,NM,USA
1506,Sun Yat-sen University,Guangzhou,Guangdong,China
1507,Ocean University Of China,Qingdao,Shandong,China
1508,Guangdong University of Petrochemical Technology,Maoming,Guangdong,China
1509,shenyangjianzhu university,shenyang,liaoning,China
1510,Southwestern University of Finance and Economic,Chengdu,Sichuan,China
1511,Gannan Normal University,Ganzhou,Jiangxi,China
1512,North China University of Water Resources and Electric Power,Zhengzhou,Henan Province,China
1513,Scuola Monotecnica Superiore Dongemenese,Beijing Dongcheng District,Municipality of Beijing,China
1514,North China Electric Power University,Baoding,,China
1515,Information,Beijing,,China
1516,Sun Yat-Sen University,Guangzhou City,,China
1517,University of South China,Hengyang,Hunan,China
1518,Undergraduate course,Jinan,Shandong Province,China
1519,BeiJing University Of Post And Telecommunication,Beijing,Beijing,China
1520,Beihang Univeristy,BEIJING,,China
1521,Ohio University,Athens,OH,USA
1522,UIBE,BeiJing,,China
1523,University,Beijing,,China
1524,Fujian Agriculture and Forestry University,Fuzhou,Fujian,China
1525,shenyang university of technology,Shenyang,Liaoning,China
1526,Syracuse University,Syracuse,NY,USA
1527,Wells College,Aurora,NY,USA
1528,Yichun University,Yichun,Jiangxi,China
1529,Simpson College,Indianola,IA,USA
1530,Sun Yat-sen University&Peking University&Peking University,Guangzhou,,China
1531,Ocean Univercity of China,Qingdao City Shandong Province,,China
1532,Xi'an University of Architecture and Technology,Xi'an,Shaanxi Province,China
1533,University of Sci&Tech of China,Hefei,Anhui,China
1534,Xiamen University,Xiamen,,China
1535,BeiJing University Of Post And Telecommunication,BeiJing,HaiDian,China
1536,Chongqing University of Science & Technology,Chongqing,,China
1537,Tianjin University China,Tianjin,Tianjin,China
1538,Central China Normal University,Wuhan,HUBEI,China
1539,Southeast University,Nanjing,Jiangsu,China
1540,SJTU-ParisTech Elite Institute of Technology,Shanghai,Shanghai,China
1541,Tsinghua University,Beijing,China,China
1542,Madonna University,Livonia,MI,USA
1543,BeiJing University Of Post And Telecommunication,Beijing,beijing,China
1544,shanghai Normal University,shanghai,China,China
1545,RenMin University of China,Beijing,Beijing,China
1546,Guangdong University of Finance Economics,Guangzhou,Guangdong,China
1547,Beijing Forestry University,Beijing,,China
1548,SUNY New Paltz University,New Paltz,NY,USA
1549,Heilongjiang University,Harbin,Heilongjiang Province,China
1550,Shanghai Finance University,Shanghai,,China
1551,Ningbo University,Ningbo,ZheJiang,China
1552,The Engineering & Technical college of Chengdu University of Technology,LESHAN,,China
1553,China University of Political science and Law,Beijing,,China
1554,121 Zhangjialukou Huaxiang Fengtai District BeijingChina,Beijing,Beijing,China
1555,university of International Business and Economics,Beijing,Beijing,China
1556,The University of Business and Economics,Beijing,,China
1557,Virtual reality and simulation; Northeastern University,Shenyang,Liaoning,China
1558,Wenzhou University,Wenzhou,Zhejiang,China
1559,Naval Aeronautical and Astronautical University,Yantai,Shandong,China
1560,Shanghai Jiao Tong University,Shanghai,,China
1561,Fudan University,Shanghai,P.R.China,China
1562,Heilongjiang University,Harbin,Outside US,China
1563,North China Electric Power University,Beijing,Beijing,China
1564,WuHan University Of Tecnology,WuHan,HuBei,China
1565,Donghua University,Shanghai,Shanghai,China
1566,Beihang Univeristy,Beijing,,China
1567,Southwest Jiaotong University,Chengdu city,Sichuan,China
1568,Shanghai Foreign Language School,Shanghai,Shanghai,China
1569,Northeast Yucai Foreign Language School,shenyang,Liaoning,China
1570,University of Jinan,Jinan,Shandong,China
1571,Institute of Systems Science; Northeastern University,Shenyang,Liaoning,China
1572,Gansu Agricultural University,Lanzhou,Gansu,China
1573,University of Dayton,Dayton,OH,USA
1574,University of Cambridge,Cambridge,,United Kingdom
1575,Ocean University of China,Qingdao,Shandong,China
1576,EAST CHINA NORMAL UNIVERSITY,Shanghai,Shanghai,China
1577,TIANJIN POLYTECHNIC UNIVERSITY,TIAN JIN,,China
1578,Southwest Jiaotong University,Leshan,SiChuan,China
1579,South China Normal Univercity,Guangdong,Asia,China
1580,Nankai University,TianJin,,China
1581,Dongbei University of Finance and Economics,DalianChina,Dalian,China
1582,Beihua University,Jilin,Jilin,China
1583,Xinjiang University,Urumqi,XinJiang,China
1584,China University of Petroleum(East China),Qingdao,ShanDong province,China
1585,University of International Business and Economics of China,Beijing,,China
1586,School of Mathematics,Chengdu City,Sichuan,China
1587,University of science and technology of China,Hefei,Anhui,China
1588,University of International Business and Economics,beijing,beijing,China
1589,Shandong University of Finance and Economics,Jinan,Shandong,China
1590,Nankai UniversityChina,Tianjin,Tianjin,China
1591,East China University of Science And Technology,Shanghai,Shanghai,China
1592,Chongqing Jiaotong University,Chongqing,Nanping,China
1593,South-Central University For Nationalities,Wuhan,Hubei,China
1594,Sichuan Agriculture University,WENJIANG,SICHUAN,China
1595,Changsha University of Science and Technology,Changsha,Hunan,China
1596,Bethel University,Arden Hills,MN,USA
1597,Dongbei University of Finance and Economics,Dalian,,China
1598,South Western University of Finance and Economics,Chengdu,Sichuan,China
1599,Southwestern University of Finance and Economics,City: Chengdu,Sichuan,China
1600,China University of Geosciences(Beijing),Beijing,Beijing,China
1601,The University of International Business and Economics,Being,,China
1602,Liaocheng University,Liaocheng,Shandong,China
1603,Minzu University of China,BeiJing,BeiJing,China
1604,Renmin University of China,Beiijing,Beijing,China
1605,Linnaeus University,Vaxjo,kronoberg,Sweden
1606,Chongqing University,Chongqing,Chongqing,China
1607,Peking University,BeijingChina,,China
1608,University of international business and economics,BEIJING,BeiJing,China
1609,The Hong Kong Polytechnic University,Hong Kong,,Hong Kong
1610,Qingdao Agricultural Universiry,Qingdao,Shandong,China
1611,South China Normal University,Guanghzhou,Asia,China
1612,Xi'an University of Architecture and Technology,Xiâ€˜an,Shaanxi,China
1613,Hefei University of Technology,Hefei,Anhui,China
1614,Inner Mongolia University,Hohhot,Inner Monglia,China
1615,Shanghai Normal University,Shanghai,,China
1616,SUN YAT-SEN UNIVERSITY,Guangzhou,,China
1617,university of international business and economics,Beijing China,Beijing,China
1618,Shanxi University of Finance and Economics,Taiyuan,Shanxi,China
1619,North China Electric poewr university,Bejing,Beijing,China
1620,Robotics and Automation; Northeastern University,Shenyang,Liaoning,China
1621,Air Force Engineering University,Xi'an,Shaanxi,China
1622,Institution of Information Science and Technology,Beijing,China,China
1623,Huizhou University,Huizhou,Guangdong,China
1624,BeiJing University Of Post And Telecommunication,BEIJING,BEIJING,China
1625,ShiHeZi University,ShiHiZi,xinjiang,China
1626,Dalian Institute of Science and Technology,Dalian,Liaoning,China
1627,Nanjing University of Science and Technology,Nanjing,Jiangsu,China
1628,Xi'an Shiyou University,Xi'an,Shannxi,China
1629,West Anhui University,Luâ€˜an,Anhui,China
1630,minzu univercity of china,beijing,Asia,China
1631,Shaanxi Electronic Technical College,Xi'an,SHAANXI,China
1632,Beijing Normal University,Beijing,HaiDian District,China
1633,Liaoning Shihua University,Fushun,,China
1634,Business School of the University of International Business and Economics,Beijing,Beijing,China
1635,Fudan University,Shanghai,Shanghai,China
1636,Beihang Univeristy,BeiJing,BeiJing,China
1637,University of International Business and Economics,BeiJingchaoyang district,BeiJing,China
1638,Beijing University of Chemical Technology,Chaoyang District Beijing,Beijing,China
1639,GuangDong Ocean University,Zhan Jiang,Guang Dong,China
1640,Penn State Abington,Abington,PA,USA
1641,Henan Normal University,xinxiang,Henan,China
1642,JiangXi Normal University,NanChang,JiangXi,China
1643,shandong university of science and technology,Qingdao,P.R.China,China
1644,South China Normal University,Guangzhou,Guangdong Province,China
1645,university,Shanghai,minhang,China
1646,Chengdu University of Information Technology,Chengdu City,Si Chuan Province,China
1647,Hannan University,Haikou,Hainan,China
1648,Chengdu College of Univ. of Elec. Sci. and Tech. of China,Chengdu,Sichuan,China
1649,Shanghai University of International Business and Economics,Shanghai,Shanghai,China
1650,Ocean University of China,Qindao,Shandong,China
1651,GUANGDONG UNIVERSITY OF FINANCE AND ECONOMICS,Guangzhou,Guangdong,China
1652,Shandong University Of Technology,Zibo,Shandong,China
1653,Quantitative Economics Research Institute of Nankai University,Tianjin,Tianjin,China
1654,Bucknell University,Lewisburg,PA,USA
1655,Huaibei Normal University,Huaibei,Anhui,China
1656,University of Texas at Austin,Austin,TX,USA
1657,Truman State University,Kirksville,MO,USA
1658,Hebei Normal University,Shijiazhuang,Hebei,China
1659,Wuhan university,wuhan,hubei,China
1660,Hubei University of Economics,Wuhan,Hubei,China
1661,College of Mobile Telecommunications. Chongqing University of Posts and Telecom.,Chongqing,,China
1662,Xi'an University of Architecture and Technology,Xi'an,Shaanxi,China
1663,UNIVERSITY OF INTERNATIONAL BUSINESS AND ECONOMICS,BEIJING CHINA,BEIJING,China
1664,Nankai University,Tianjin Province,,China
1665,Shanxi University,Taiyuan Shanxi,,China
1666,professor,Wuhan,Hubei,China
1667,Nanjing Forestry University,Nanjing,,China
1668,Wuhan University,Wu Han,Hubei Province,China
1669,Seattle University,Seattle,WA,USA
1670,Luoyang Institute of Science and Technology,Luoyang,Henan,China
1671,University of Wisconsin - La Crosse,La Crosse,WI,USA
1672,Jiangsu Jianzhu Institute,Xuzhou,Jiangsu,China
1673,China Univercity of Geosciencesï¼ŒBeijing,Beijing,Beijing,China
1674,Indiana University Bloomington,Bloomington,IN,USA
1675,Brown University,Providence,RI,USA
1676,WuHan University,WUHAN,HUBEI,China
1677,Wuhan University,Wuhan,Hubei Province,China
1678,Xi'an University of architecture and technology,Xi'an,Shanxi,China
1679,Southwestern University of Finance and Economincs,Chengdu,Sichuan,China
1680,Dongbei University of Finance and Economics,Dalian,Liaoning Province,China
1681,Statistic,Beijing,,China
1682,Hebei University,baoding,hebei,China
1683,Zhejiang University,Hang Zhou,,China
